qseqid	sseqid	pident	length	mismatch	gapopen	qstart	qend	sstart	send	evalue	bitscore	genome_name	gene_name	comp
PMPCNALJ_01243	tr|A0A401LEB7|A0A401LEB7_9FIRM	60.8	334	127	2	1	333	1	331	1.4999999999999998e-108	384	CM01_24_S247	eutD_ace	acetate
OMENAAMB_00045	tr|A0A401LEB7|A0A401LEB7_9FIRM	60.8	334	127	2	1	333	1	331	1.4999999999999998e-108	384	CM02_14_S245	eutD_ace	acetate
JKIKAFLC_01456	tr|A0A401LEB7|A0A401LEB7_9FIRM	60.8	334	127	2	1	333	1	331	1.4999999999999998e-108	384	CM02_2_S14	eutD_ace	acetate
ENEEJMFF_01477	tr|A0A401LEB7|A0A401LEB7_9FIRM	60.8	334	127	2	1	333	1	331	1.4999999999999998e-108	384	CM02_5_S246	eutD_ace	acetate
COELJHHD_00897	tr|A0AAI8TN14|A0AAI8TN14_9FIRM	65.7	329	113	0	1	329	1	329	8.299999999999998e-120	421.4	CM02_91_S238	eutD_ace	acetate
MFFGPENN_00898	tr|A0AAI8TN14|A0AAI8TN14_9FIRM	65.7	329	113	0	1	329	1	329	8.299999999999998e-120	421.4	CM03_34_S239	eutD_ace	acetate
LNNJOANA_01184	tr|A0A401LEB7|A0A401LEB7_9FIRM	60.8	334	127	2	1	333	1	331	1.4999999999999998e-108	384	CM03_42_S4	eutD_ace	acetate
AGGJHBAO_01588	tr|A0A401LEB7|A0A401LEB7_9FIRM	60.8	334	127	2	1	333	1	331	1.4999999999999998e-108	384	CM03_47_S15	eutD_ace	acetate
EGPMHLCL_01749	tr|A0A401LEB7|A0A401LEB7_9FIRM	60.8	334	127	2	1	333	1	331	1.4999999999999998e-108	384	CM03_84_S248	eutD_ace	acetate
CFOPOANE_01142	tr|A0A401LEB7|A0A401LEB7_9FIRM	60.8	334	127	2	1	333	1	331	2.4999999999999996e-108	383.3	CM06_11_S6	eutD_ace	acetate
CFOPOANE_01142	tr|A0AAI8TN14|A0AAI8TN14_9FIRM	61.5	330	125	2	1	330	1	328	4.299999999999999e-108	382.5	CM06_11_S6	eutD_ace	acetate
NKGBJBBD_00176	tr|A0AAI8TN14|A0AAI8TN14_9FIRM	65.7	329	113	0	1	329	1	329	8.299999999999998e-120	421.4	CM06_28_S240	eutD_ace	acetate
PNMPHDDN_00643	tr|A0A401LEB7|A0A401LEB7_9FIRM	60.8	334	127	2	1	333	1	331	2.4999999999999996e-108	383.3	CM06_29_S244	eutD_ace	acetate
PNMPHDDN_00643	tr|A0AAI8TN14|A0AAI8TN14_9FIRM	61.5	330	125	2	1	330	1	328	4.299999999999999e-108	382.5	CM06_29_S244	eutD_ace	acetate
MANNIIDF_00457	tr|A0AAI8TN14|A0AAI8TN14_9FIRM	65.7	329	113	0	1	329	1	329	8.299999999999998e-120	421.4	CM06_64_S241	eutD_ace	acetate
ALJHPLOP_00696	tr|A0A401LEB7|A0A401LEB7_9FIRM	60.5	334	128	2	1	333	1	331	4.299999999999999e-108	382.5	CM07_26_S11	eutD_ace	acetate
ALJHPLOP_00696	tr|A0AAI8TN14|A0AAI8TN14_9FIRM	61.2	330	126	2	1	330	1	328	9.599999999999998e-108	381.3	CM07_26_S11	eutD_ace	acetate
KJDMGADN_00404	tr|A0A401LEB7|A0A401LEB7_9FIRM	60.5	334	128	2	1	333	1	331	4.299999999999999e-108	382.5	CM07_31_S12	eutD_ace	acetate
KJDMGADN_00404	tr|A0AAI8TN14|A0AAI8TN14_9FIRM	61.2	330	126	2	1	330	1	328	9.599999999999998e-108	381.3	CM07_31_S12	eutD_ace	acetate
BDKDGGGP_01798	tr|A0A401LEB7|A0A401LEB7_9FIRM	60.5	334	128	2	1	333	1	331	4.299999999999999e-108	382.5	CM1_23_S50	eutD_ace	acetate
BDKDGGGP_01798	tr|A0AAI8TN14|A0AAI8TN14_9FIRM	61.2	330	126	2	1	330	1	328	9.599999999999998e-108	381.3	CM1_23_S50	eutD_ace	acetate
HOOBJGIH_00557	tr|A0A401LEB7|A0A401LEB7_9FIRM	60.5	334	128	2	1	333	1	331	4.299999999999999e-108	382.5	CM1_26_S52	eutD_ace	acetate
HOOBJGIH_00557	tr|A0AAI8TN14|A0AAI8TN14_9FIRM	61.2	330	126	2	1	330	1	328	9.599999999999998e-108	381.3	CM1_26_S52	eutD_ace	acetate
CIHFMDFN_01198	tr|A0A401LEB7|A0A401LEB7_9FIRM	60.8	334	127	2	1	333	1	331	1.4999999999999998e-108	384	CM1_30_S215	eutD_ace	acetate
EBBEHFMM_00044	tr|A0A401LEB7|A0A401LEB7_9FIRM	60.5	334	128	2	1	333	1	331	4.299999999999999e-108	382.5	CM7_52_S47	eutD_ace	acetate
EBBEHFMM_00044	tr|A0AAI8TN14|A0AAI8TN14_9FIRM	61.2	330	126	2	1	330	1	328	9.599999999999998e-108	381.3	CM7_52_S47	eutD_ace	acetate
PDHBOMMH_00557	tr|A0A401LEB7|A0A401LEB7_9FIRM	60.5	334	128	2	1	333	1	331	4.299999999999999e-108	382.5	CM7_69_S49	eutD_ace	acetate
PDHBOMMH_00557	tr|A0AAI8TN14|A0AAI8TN14_9FIRM	61.2	330	126	2	1	330	1	328	9.599999999999998e-108	381.3	CM7_69_S49	eutD_ace	acetate
KJGPJFDD_01101	tr|A0A401LEB7|A0A401LEB7_9FIRM	60.8	334	127	2	1	333	1	331	1.4999999999999998e-108	384	CM7_88B_S63	eutD_ace	acetate
CKMKKBJN_00270	tr|A0AAI8TN14|A0AAI8TN14_9FIRM	65.7	329	113	0	1	329	1	329	6.399999999999998e-120	421.8	GCA_003434455.1_ASM343445v1_genomic	eutD_ace	acetate
OEMKGLFL_00897	tr|A0A401LEB7|A0A401LEB7_9FIRM	60.8	334	127	2	1	333	1	331	1.4999999999999998e-108	384	GCA_008679275.1_ASM867927v1_genomic	eutD_ace	acetate
GGHJLOIC_02608	tr|A0A401LEB7|A0A401LEB7_9FIRM	60.5	334	128	2	1	333	1	331	4.299999999999999e-108	382.5	GCA_008680515.1_ASM868051v1_genomic	eutD_ace	acetate
GGHJLOIC_02608	tr|A0AAI8TN14|A0AAI8TN14_9FIRM	61.2	330	126	2	1	330	1	328	9.599999999999998e-108	381.3	GCA_008680515.1_ASM868051v1_genomic	eutD_ace	acetate
OHGBJBEB_01241	tr|A0A401LEB7|A0A401LEB7_9FIRM	60.8	334	127	2	1	333	1	331	1.4999999999999998e-108	384	GCA_008680995.1_ASM868099v1_genomic	eutD_ace	acetate
HKCIDIBD_01079	tr|A0A401LEB7|A0A401LEB7_9FIRM	60.8	334	127	2	1	333	1	331	1.4999999999999998e-108	384	GCA_014866065.1_ASM1486606v1_genomic	eutD_ace	acetate
GOAADOEK_02878	tr|A0A401LEB7|A0A401LEB7_9FIRM	60.8	334	127	2	1	333	1	331	1.4999999999999998e-108	384	GCA_017850655.1_ASM1785065v1_genomic	eutD_ace	acetate
CENOFNFD_02277	tr|A0A401LEB7|A0A401LEB7_9FIRM	60.5	334	128	2	1	333	1	331	4.299999999999999e-108	382.5	GCA_017851275.1_ASM1785127v1_genomic	eutD_ace	acetate
CENOFNFD_02277	tr|A0AAI8TN14|A0AAI8TN14_9FIRM	61.2	330	126	2	1	330	1	328	9.599999999999998e-108	381.3	GCA_017851275.1_ASM1785127v1_genomic	eutD_ace	acetate
JBEMAFEM_02430	tr|A0AAI8TN14|A0AAI8TN14_9FIRM	62.9	329	121	1	1	329	1	328	3.1999999999999995e-111	392.9	GCA_017888015.1_ASM1788801v1_genomic	eutD_ace	acetate
BMGMBDAD_02633	tr|A0AAI8TN14|A0AAI8TN14_9FIRM	65.7	329	113	0	1	329	1	329	6.399999999999998e-120	421.8	GCA_018364275.1_ASM1836427v1_genomic	eutD_ace	acetate
COHCHOOG_00499	tr|A0A401LEB7|A0A401LEB7_9FIRM	60.8	334	127	2	1	333	1	331	1.4999999999999998e-108	384	GCA_018365775.1_ASM1836577v1_genomic	eutD_ace	acetate
OHEALFFL_02529	tr|A0AAI8TN14|A0AAI8TN14_9FIRM	65.7	329	113	0	1	329	1	329	8.299999999999998e-120	421.4	GCA_018375095.1_ASM1837509v1_genomic	eutD_ace	acetate
CGPEJKEM_02935	tr|A0AAI8TN14|A0AAI8TN14_9FIRM	66	329	112	0	1	329	1	329	3.699999999999999e-120	422.5	GCA_018381315.1_ASM1838131v1_genomic	eutD_ace	acetate
PHOGJLGL_01263	tr|A0AAI8TN14|A0AAI8TN14_9FIRM	62	329	124	1	1	329	1	328	5.599999999999999e-108	382.1	GCA_019114985.1_ASM1911498v1_genomic	eutD_ace	acetate
GMFGONPC_01301	tr|A0AAI8TN14|A0AAI8TN14_9FIRM	62.3	329	123	1	1	329	1	328	6e-110	388.7	GCA_019119895.1_ASM1911989v1_genomic	eutD_ace	acetate
KFGAIAHJ_01162	tr|A0A401LEB7|A0A401LEB7_9FIRM	60.4	333	130	1	1	333	1	331	1.4999999999999998e-108	384	GCA_900066705.1_14207_7_32_genomic	eutD_ace	acetate
KFGAIAHJ_01162	tr|A0AAI8TN14|A0AAI8TN14_9FIRM	60.6	330	128	1	1	330	1	328	9.599999999999998e-108	381.3	GCA_900066705.1_14207_7_32_genomic	eutD_ace	acetate
NGLOOAMH_00184	tr|A0AAI8TN14|A0AAI8TN14_9FIRM	62	329	124	1	1	329	1	328	5.599999999999999e-108	382.1	GCA_904419485.1_Chicken_16_mag_180_genomic	eutD_ace	acetate
JCLDBKBJ_00827	tr|A0AAI8TN14|A0AAI8TN14_9FIRM	62.9	329	121	1	1	329	1	328	3.1999999999999995e-111	392.9	GCA_904419565.1_Chicken_21_mag_8_genomic	eutD_ace	acetate
AELLMANC_00741	tr|A0AAI8TN14|A0AAI8TN14_9FIRM	65.7	329	113	0	1	329	1	329	8.299999999999998e-120	421.4	GCA_905199235.1_SRR2912801-mag-bin.12_genomic	eutD_ace	acetate
GBIGEHMO_01396	tr|A0A401LEB7|A0A401LEB7_9FIRM	61	331	129	0	1	331	1	331	3.5e-110	389.4	GCA_905206325.1_ERR1600569-mag-bin.31_genomic	eutD_ace	acetate
GBIGEHMO_01396	tr|A0AAI8TN14|A0AAI8TN14_9FIRM	61	328	128	0	1	328	1	328	3.8999999999999998e-109	386	GCA_905206325.1_ERR1600569-mag-bin.31_genomic	eutD_ace	acetate
BOMDPHAE_00323	tr|A0AAI8TN14|A0AAI8TN14_9FIRM	65.7	329	113	0	1	329	1	329	6.399999999999998e-120	421.8	GCA_910574135.1_MGBC000029_genomic	eutD_ace	acetate
PEOBIMBK_00461	tr|A0AAI8TN14|A0AAI8TN14_9FIRM	65.7	329	113	0	1	329	1	329	6.399999999999998e-120	421.8	GCA_910574775.1_MGBC000097_genomic	eutD_ace	acetate
OLPJKGML_00189	tr|A0AAI8TN14|A0AAI8TN14_9FIRM	65.7	329	113	0	1	329	1	329	6.399999999999998e-120	421.8	GCA_910574945.1_MGBC000090_genomic	eutD_ace	acetate
HHFKICIG_00381	tr|A0AAI8TN14|A0AAI8TN14_9FIRM	65.7	329	113	0	1	329	1	329	6.399999999999998e-120	421.8	GCA_910575065.1_MGBC000096_genomic	eutD_ace	acetate
HCONJCLK_00483	tr|A0AAI8TN14|A0AAI8TN14_9FIRM	65.7	329	113	0	1	329	1	329	6.399999999999998e-120	421.8	GCA_910575135.1_MGBC000098_genomic	eutD_ace	acetate
CCPHMFGG_03117	tr|A0AAI8TN14|A0AAI8TN14_9FIRM	65.7	329	113	0	1	329	1	329	8.299999999999998e-120	421.4	GCF_000154305.1_ASM15430v1_genomic	eutD_ace	acetate
ADFGDNLJ_02387	tr|A0A401LEB7|A0A401LEB7_9FIRM	60.5	334	128	2	1	333	1	331	4.299999999999999e-108	382.5	GCF_000154545.1_ASM15454v1_genomic	eutD_ace	acetate
ADFGDNLJ_02387	tr|A0AAI8TN14|A0AAI8TN14_9FIRM	61.2	330	126	2	1	330	1	328	9.599999999999998e-108	381.3	GCF_000154545.1_ASM15454v1_genomic	eutD_ace	acetate
GBMCNOMD_01851	tr|A0A401LEB7|A0A401LEB7_9FIRM	60.5	334	128	2	1	333	1	331	4.299999999999999e-108	382.5	GCF_000185525.1_ASM18552v1_genomic	eutD_ace	acetate
GBMCNOMD_01851	tr|A0AAI8TN14|A0AAI8TN14_9FIRM	61.2	330	126	2	1	330	1	328	9.599999999999998e-108	381.3	GCF_000185525.1_ASM18552v1_genomic	eutD_ace	acetate
INJFBHEB_02451	tr|A0AAI8TN14|A0AAI8TN14_9FIRM	65.7	329	113	0	1	329	1	329	8.299999999999998e-120	421.4	GCF_000185825.1_ASM18582v1_genomic	eutD_ace	acetate
DLMLEDEJ_00773	tr|A0A401LEB7|A0A401LEB7_9FIRM	60.5	334	128	2	1	333	1	331	4.299999999999999e-108	382.5	GCF_000210695.1_ASM21069v1_genomic	eutD_ace	acetate
DLMLEDEJ_00773	tr|A0AAI8TN14|A0AAI8TN14_9FIRM	61.2	330	126	2	1	330	1	328	9.599999999999998e-108	381.3	GCF_000210695.1_ASM21069v1_genomic	eutD_ace	acetate
NAGOKMPI_00406	tr|A0A401LEB7|A0A401LEB7_9FIRM	60.5	334	128	2	1	333	1	331	4.299999999999999e-108	382.5	GCF_000332875.2_ASM33287v2_genomic	eutD_ace	acetate
NAGOKMPI_00406	tr|A0AAI8TN14|A0AAI8TN14_9FIRM	61.2	330	126	2	1	330	1	328	9.599999999999998e-108	381.3	GCF_000332875.2_ASM33287v2_genomic	eutD_ace	acetate
LLKGOANK_00655	tr|A0AAI8TN14|A0AAI8TN14_9FIRM	65.7	329	113	0	1	329	1	329	8.299999999999998e-120	421.4	GCF_000432215.1_MGS276_genomic	eutD_ace	acetate
HLBILBHM_02827	tr|A0AAI8TN14|A0AAI8TN14_9FIRM	65.7	329	113	0	1	329	1	329	4.899999999999999e-120	422.2	GCF_000508985.1_ASM50898v1_genomic	eutD_ace	acetate
HCABBDHA_01520	tr|A0A401LEB7|A0A401LEB7_9FIRM	60.5	334	128	2	1	333	1	331	4.299999999999999e-108	382.5	GCF_000876135.1_ASM87613v1_genomic	eutD_ace	acetate
HCABBDHA_01520	tr|A0AAI8TN14|A0AAI8TN14_9FIRM	61.2	330	126	2	1	330	1	328	9.599999999999998e-108	381.3	GCF_000876135.1_ASM87613v1_genomic	eutD_ace	acetate
LLAFECMD_04329	tr|A0AAI8TN14|A0AAI8TN14_9FIRM	65.5	310	107	0	1	310	20	329	3.1999999999999996e-113	399.4	GCF_001304975.1_ASM130497v1_genomic	eutD_ace	acetate
IPCBICDJ_01064	tr|A0A401LEB7|A0A401LEB7_9FIRM	60.5	334	128	2	1	333	1	331	4.299999999999999e-108	382.5	GCF_001404835.1_14207_7_31_genomic	eutD_ace	acetate
IPCBICDJ_01064	tr|A0AAI8TN14|A0AAI8TN14_9FIRM	61.2	330	126	2	1	330	1	328	9.599999999999998e-108	381.3	GCF_001404835.1_14207_7_31_genomic	eutD_ace	acetate
PCLFALEG_01643	tr|A0A401LEB7|A0A401LEB7_9FIRM	60.8	334	127	2	1	333	1	331	1.4999999999999998e-108	384	GCF_001404955.1_13470_2_79_genomic	eutD_ace	acetate
HAHNOBOP_02401	tr|A0A401LEB7|A0A401LEB7_9FIRM	60.5	334	128	2	1	333	1	331	4.299999999999999e-108	382.5	GCF_001405635.1_14207_7_82_genomic	eutD_ace	acetate
HAHNOBOP_02401	tr|A0AAI8TN14|A0AAI8TN14_9FIRM	61.2	330	126	2	1	330	1	328	9.599999999999998e-108	381.3	GCF_001405635.1_14207_7_82_genomic	eutD_ace	acetate
IEJMHOJM_01688	tr|A0A401LEB7|A0A401LEB7_9FIRM	60.8	334	127	2	1	333	1	331	1.4999999999999998e-108	384	GCF_001405715.1_13414_6_52_genomic	eutD_ace	acetate
EHNAPLNG_02344	tr|A0A401LEB7|A0A401LEB7_9FIRM	60.8	334	127	2	1	333	1	331	2.4999999999999996e-108	383.3	GCF_001998765.1_ASM199876v1_genomic	eutD_ace	acetate
EHNAPLNG_02344	tr|A0AAI8TN14|A0AAI8TN14_9FIRM	61.5	330	125	2	1	330	1	328	4.299999999999999e-108	382.5	GCF_001998765.1_ASM199876v1_genomic	eutD_ace	acetate
DBAKHCIC_02440	tr|A0AAI8TN14|A0AAI8TN14_9FIRM	65.7	329	113	0	1	329	1	329	4.899999999999999e-120	422.2	GCF_002270485.1_ASM227048v1_genomic	eutD_ace	acetate
CPPLKMCL_02099	tr|A0A401LEB7|A0A401LEB7_9FIRM	61.3	331	128	0	1	331	1	331	5.399999999999999e-111	392.1	GCF_003461705.1_ASM346170v1_genomic	eutD_ace	acetate
IJGKDCGE_01311	tr|A0AAI8TN14|A0AAI8TN14_9FIRM	65.7	329	113	0	1	329	1	329	8.299999999999998e-120	421.4	GCF_003461725.1_ASM346172v1_genomic	eutD_ace	acetate
KIKGGPNJ_00320	tr|A0A401LEB7|A0A401LEB7_9FIRM	61.1	334	126	2	1	333	1	331	5.099999999999999e-109	385.6	GCF_003473625.1_ASM347362v1_genomic	eutD_ace	acetate
IKIFGNDM_02560	tr|A0A401LEB7|A0A401LEB7_9FIRM	60.5	334	128	2	1	333	1	331	4.299999999999999e-108	382.5	GCF_003473725.1_ASM347372v1_genomic	eutD_ace	acetate
IKIFGNDM_02560	tr|A0AAI8TN14|A0AAI8TN14_9FIRM	61.2	330	126	2	1	330	1	328	9.599999999999998e-108	381.3	GCF_003473725.1_ASM347372v1_genomic	eutD_ace	acetate
OAFBMJDC_00617	tr|A0A401LEB7|A0A401LEB7_9FIRM	60.8	334	127	2	1	333	1	331	1.4999999999999998e-108	384	GCF_003477415.1_ASM347741v1_genomic	eutD_ace	acetate
MCKGPBFA_00252	tr|A0A401LEB7|A0A401LEB7_9FIRM	60.8	334	127	2	1	333	1	331	1.4999999999999998e-108	384	GCF_003480775.1_ASM348077v1_genomic	eutD_ace	acetate
KJNMABBL_00243	tr|A0A401LEB7|A0A401LEB7_9FIRM	61.1	334	126	2	1	333	1	331	5.099999999999999e-109	385.6	GCF_003480825.1_ASM348082v1_genomic	eutD_ace	acetate
NBKPIGMC_02921	tr|A0A401LEB7|A0A401LEB7_9FIRM	61.1	334	126	2	1	333	1	331	5.099999999999999e-109	385.6	GCF_003481105.1_ASM348110v1_genomic	eutD_ace	acetate
LNILJCCL_02895	tr|A0A401LEB7|A0A401LEB7_9FIRM	61.1	334	126	2	1	333	1	331	5.099999999999999e-109	385.6	GCF_003481805.1_ASM348180v1_genomic	eutD_ace	acetate
PFDPBJPF_02321	tr|A0AAI8TN14|A0AAI8TN14_9FIRM	65.7	329	113	0	1	329	1	329	8.299999999999998e-120	421.4	GCF_005280655.1_ASM528065v1_genomic	eutD_ace	acetate
AMDOHACK_02382	tr|A0A401LEB7|A0A401LEB7_9FIRM	60.8	334	127	2	1	333	1	331	2.4999999999999996e-108	383.3	GCF_008416325.1_ASM841632v1_genomic	eutD_ace	acetate
AMDOHACK_02382	tr|A0AAI8TN14|A0AAI8TN14_9FIRM	61.5	330	125	2	1	330	1	328	4.299999999999999e-108	382.5	GCF_008416325.1_ASM841632v1_genomic	eutD_ace	acetate
EGFDKNMG_00269	tr|A0A401LEB7|A0A401LEB7_9FIRM	60.8	334	127	2	1	333	1	331	1.4999999999999998e-108	384	GCF_013302355.1_ASM1330235v1_genomic	eutD_ace	acetate
HLIEKABP_00369	tr|A0A401LEB7|A0A401LEB7_9FIRM	60.8	334	127	2	1	333	1	331	1.4999999999999998e-108	384	GCF_013302445.1_ASM1330244v1_genomic	eutD_ace	acetate
JONNAMEE_01094	tr|A0AAI8TN14|A0AAI8TN14_9FIRM	61.5	330	125	2	1	330	1	328	5.599999999999999e-108	382.1	GCF_013302455.1_ASM1330245v1_genomic	eutD_ace	acetate
JONNAMEE_01094	tr|A0A401LEB7|A0A401LEB7_9FIRM	60.2	334	129	2	1	333	1	331	1.5999999999999998e-107	380.6	GCF_013302455.1_ASM1330245v1_genomic	eutD_ace	acetate
EMIBJJME_00014	tr|A0A401LEB7|A0A401LEB7_9FIRM	60.5	334	128	2	1	333	1	331	4.299999999999999e-108	382.5	GCF_013302465.1_ASM1330246v1_genomic	eutD_ace	acetate
EMIBJJME_00014	tr|A0AAI8TN14|A0AAI8TN14_9FIRM	61.2	330	126	2	1	330	1	328	9.599999999999998e-108	381.3	GCF_013302465.1_ASM1330246v1_genomic	eutD_ace	acetate
OPNJLELE_00234	tr|A0A401LEB7|A0A401LEB7_9FIRM	60.8	334	127	2	1	333	1	331	1.4999999999999998e-108	384	GCF_013302475.1_ASM1330247v1_genomic	eutD_ace	acetate
HFIKEABA_00554	tr|A0A401LEB7|A0A401LEB7_9FIRM	60.8	334	127	2	1	333	1	331	2.4999999999999996e-108	383.3	GCF_013302525.1_ASM1330252v1_genomic	eutD_ace	acetate
HFIKEABA_00554	tr|A0AAI8TN14|A0AAI8TN14_9FIRM	61.5	330	125	2	1	330	1	328	4.299999999999999e-108	382.5	GCF_013302525.1_ASM1330252v1_genomic	eutD_ace	acetate
EKLJFINO_01107	tr|A0AAI8TN14|A0AAI8TN14_9FIRM	61.5	330	125	2	1	330	1	328	5.599999999999999e-108	382.1	GCF_013302545.1_ASM1330254v1_genomic	eutD_ace	acetate
EKLJFINO_01107	tr|A0A401LEB7|A0A401LEB7_9FIRM	60.2	334	129	2	1	333	1	331	1.5999999999999998e-107	380.6	GCF_013302545.1_ASM1330254v1_genomic	eutD_ace	acetate
CGGOBLDE_01009	tr|A0AAI8TN14|A0AAI8TN14_9FIRM	61.5	330	125	2	1	330	1	328	5.599999999999999e-108	382.1	GCF_013302555.1_ASM1330255v1_genomic	eutD_ace	acetate
CGGOBLDE_01009	tr|A0A401LEB7|A0A401LEB7_9FIRM	60.2	334	129	2	1	333	1	331	1.5999999999999998e-107	380.6	GCF_013302555.1_ASM1330255v1_genomic	eutD_ace	acetate
CFLOBBPJ_00985	tr|A0AAI8TN14|A0AAI8TN14_9FIRM	61.5	330	125	2	1	330	1	328	5.599999999999999e-108	382.1	GCF_013302565.1_ASM1330256v1_genomic	eutD_ace	acetate
CFLOBBPJ_00985	tr|A0A401LEB7|A0A401LEB7_9FIRM	60.2	334	129	2	1	333	1	331	1.5999999999999998e-107	380.6	GCF_013302565.1_ASM1330256v1_genomic	eutD_ace	acetate
CNJAGMEN_02883	tr|A0A401LEB7|A0A401LEB7_9FIRM	60.8	334	127	2	1	333	1	331	1.4999999999999998e-108	384	GCF_013302595.1_ASM1330259v1_genomic	eutD_ace	acetate
BPMFDCLE_00190	tr|A0A401LEB7|A0A401LEB7_9FIRM	60.8	334	127	2	1	333	1	331	1.4999999999999998e-108	384	GCF_013302605.1_ASM1330260v1_genomic	eutD_ace	acetate
PBOEODCG_00410	tr|A0A401LEB7|A0A401LEB7_9FIRM	60.8	334	127	2	1	333	1	331	1.4999999999999998e-108	384	GCF_013302645.1_ASM1330264v1_genomic	eutD_ace	acetate
PDPFBEPF_00488	tr|A0A401LEB7|A0A401LEB7_9FIRM	60.8	334	127	2	1	333	1	331	1.4999999999999998e-108	384	GCF_013302665.1_ASM1330266v1_genomic	eutD_ace	acetate
AMFMHKFD_02089	tr|A0A401LEB7|A0A401LEB7_9FIRM	60.8	334	127	2	1	333	1	331	2.4999999999999996e-108	383.3	GCF_013302675.1_ASM1330267v1_genomic	eutD_ace	acetate
AMFMHKFD_02089	tr|A0AAI8TN14|A0AAI8TN14_9FIRM	61.5	330	125	2	1	330	1	328	4.299999999999999e-108	382.5	GCF_013302675.1_ASM1330267v1_genomic	eutD_ace	acetate
NOEHOIPN_00441	tr|A0A401LEB7|A0A401LEB7_9FIRM	60.8	334	127	2	1	333	1	331	1.4999999999999998e-108	384	GCF_013302685.1_ASM1330268v1_genomic	eutD_ace	acetate
GKONJLLH_00045	tr|A0A401LEB7|A0A401LEB7_9FIRM	60.5	334	128	2	1	333	1	331	4.299999999999999e-108	382.5	GCF_013302715.1_ASM1330271v1_genomic	eutD_ace	acetate
GKONJLLH_00045	tr|A0AAI8TN14|A0AAI8TN14_9FIRM	61.2	330	126	2	1	330	1	328	9.599999999999998e-108	381.3	GCF_013302715.1_ASM1330271v1_genomic	eutD_ace	acetate
JHAHNFPD_02633	tr|A0A401LEB7|A0A401LEB7_9FIRM	60.5	334	128	2	1	333	1	331	4.299999999999999e-108	382.5	GCF_013302745.1_ASM1330274v1_genomic	eutD_ace	acetate
JHAHNFPD_02633	tr|A0AAI8TN14|A0AAI8TN14_9FIRM	61.2	330	126	2	1	330	1	328	9.599999999999998e-108	381.3	GCF_013302745.1_ASM1330274v1_genomic	eutD_ace	acetate
GDEOMAJN_03100	tr|A0A401LEB7|A0A401LEB7_9FIRM	60.5	334	128	2	1	333	1	331	4.299999999999999e-108	382.5	GCF_013302755.1_ASM1330275v1_genomic	eutD_ace	acetate
GDEOMAJN_03100	tr|A0AAI8TN14|A0AAI8TN14_9FIRM	61.2	330	126	2	1	330	1	328	9.599999999999998e-108	381.3	GCF_013302755.1_ASM1330275v1_genomic	eutD_ace	acetate
MBKEJNJN_02444	tr|A0A401LEB7|A0A401LEB7_9FIRM	60.5	334	128	2	1	333	1	331	4.299999999999999e-108	382.5	GCF_013302785.1_ASM1330278v1_genomic	eutD_ace	acetate
MBKEJNJN_02444	tr|A0AAI8TN14|A0AAI8TN14_9FIRM	61.2	330	126	2	1	330	1	328	9.599999999999998e-108	381.3	GCF_013302785.1_ASM1330278v1_genomic	eutD_ace	acetate
OPKLNLBG_03155	tr|A0A401LEB7|A0A401LEB7_9FIRM	60.5	334	128	2	1	333	1	331	4.299999999999999e-108	382.5	GCF_013302795.1_ASM1330279v1_genomic	eutD_ace	acetate
OPKLNLBG_03155	tr|A0AAI8TN14|A0AAI8TN14_9FIRM	61.2	330	126	2	1	330	1	328	9.599999999999998e-108	381.3	GCF_013302795.1_ASM1330279v1_genomic	eutD_ace	acetate
JGHPJKMJ_00045	tr|A0A401LEB7|A0A401LEB7_9FIRM	60.5	334	128	2	1	333	1	331	4.299999999999999e-108	382.5	GCF_013302815.1_ASM1330281v1_genomic	eutD_ace	acetate
JGHPJKMJ_00045	tr|A0AAI8TN14|A0AAI8TN14_9FIRM	61.2	330	126	2	1	330	1	328	9.599999999999998e-108	381.3	GCF_013302815.1_ASM1330281v1_genomic	eutD_ace	acetate
BNIKGBIE_03032	tr|A0A401LEB7|A0A401LEB7_9FIRM	60.8	334	127	2	1	333	1	331	1.4999999999999998e-108	384	GCF_013302845.1_ASM1330284v1_genomic	eutD_ace	acetate
LODAONLG_03165	tr|A0A401LEB7|A0A401LEB7_9FIRM	60.8	334	127	2	1	333	1	331	1.4999999999999998e-108	384	GCF_013302855.1_ASM1330285v1_genomic	eutD_ace	acetate
BAOEOFND_03068	tr|A0A401LEB7|A0A401LEB7_9FIRM	60.8	334	127	2	1	333	1	331	1.4999999999999998e-108	384	GCF_013303175.1_ASM1330317v1_genomic	eutD_ace	acetate
EBNLJOOF_00348	tr|A0A401LEB7|A0A401LEB7_9FIRM	60.8	334	127	2	1	333	1	331	2.4999999999999996e-108	383.3	GCF_013303185.1_ASM1330318v1_genomic	eutD_ace	acetate
EBNLJOOF_00348	tr|A0AAI8TN14|A0AAI8TN14_9FIRM	61.5	330	125	2	1	330	1	328	4.299999999999999e-108	382.5	GCF_013303185.1_ASM1330318v1_genomic	eutD_ace	acetate
MEADLIFI_00705	tr|A0AAI8TN14|A0AAI8TN14_9FIRM	61.5	330	125	2	1	330	1	328	5.599999999999999e-108	382.1	GCF_013303225.1_ASM1330322v1_genomic	eutD_ace	acetate
MEADLIFI_00705	tr|A0A401LEB7|A0A401LEB7_9FIRM	60.2	334	129	2	1	333	1	331	1.5999999999999998e-107	380.6	GCF_013303225.1_ASM1330322v1_genomic	eutD_ace	acetate
PELCBIIC_00124	tr|A0A401LEB7|A0A401LEB7_9FIRM	60.8	334	127	2	1	333	1	331	1.8999999999999995e-108	383.6	GCF_013304505.1_ASM1330450v1_genomic	eutD_ace	acetate
PELCBIIC_00124	tr|A0AAI8TN14|A0AAI8TN14_9FIRM	61.2	330	126	2	1	330	1	328	1.2999999999999997e-107	380.9	GCF_013304505.1_ASM1330450v1_genomic	eutD_ace	acetate
KCCNKEMN_01120	tr|A0AAI8TN14|A0AAI8TN14_9FIRM	61.5	330	125	2	1	330	1	328	5.599999999999999e-108	382.1	GCF_013304555.1_ASM1330455v1_genomic	eutD_ace	acetate
KCCNKEMN_01120	tr|A0A401LEB7|A0A401LEB7_9FIRM	60.2	334	129	2	1	333	1	331	1.5999999999999998e-107	380.6	GCF_013304555.1_ASM1330455v1_genomic	eutD_ace	acetate
BDIBMIHG_01279	tr|A0AAI8TN14|A0AAI8TN14_9FIRM	65.7	329	113	0	1	329	1	329	8.299999999999998e-120	421.4	GCF_014131675.1_ASM1413167v1_genomic	eutD_ace	acetate
NPHNFAPN_00991	tr|A0AAI8TN14|A0AAI8TN14_9FIRM	65.7	329	113	0	1	329	1	329	4.899999999999999e-120	422.2	GCF_014290215.1_ASM1429021v1_genomic	eutD_ace	acetate
MNMGKBAP_02225	tr|A0AAI8TN14|A0AAI8TN14_9FIRM	65.7	329	113	0	1	329	1	329	8.299999999999998e-120	421.4	GCF_014467075.1_ASM1446707v1_genomic	eutD_ace	acetate
FIMAFPCP_02637	tr|A0A401LEB7|A0A401LEB7_9FIRM	60.8	334	127	2	1	333	1	331	2.4999999999999996e-108	383.3	GCF_015554695.1_ASM1555469v1_genomic	eutD_ace	acetate
FIMAFPCP_02637	tr|A0AAI8TN14|A0AAI8TN14_9FIRM	61.5	330	125	2	1	330	1	328	4.299999999999999e-108	382.5	GCF_015554695.1_ASM1555469v1_genomic	eutD_ace	acetate
EFNOLNOC_01935	tr|A0AAI8TN14|A0AAI8TN14_9FIRM	62.9	329	121	1	1	329	1	328	3.1999999999999995e-111	392.9	GCF_016586355.1_ASM1658635v1_genomic	eutD_ace	acetate
AOFLGCOF_00534	tr|A0A401LEB7|A0A401LEB7_9FIRM	60.7	331	130	0	1	331	1	331	3.5e-110	389.4	GCF_017776395.1_ASM1777639v1_genomic	eutD_ace	acetate
LBKPHDGB_00625	tr|A0A401LEB7|A0A401LEB7_9FIRM	60.7	331	130	0	1	331	1	331	3.5e-110	389.4	GCF_017776445.1_ASM1777644v1_genomic	eutD_ace	acetate
FIHOGCNH_02183	tr|A0AAI8TN14|A0AAI8TN14_9FIRM	61.5	330	125	2	1	330	1	328	9.599999999999998e-108	381.3	GCF_017776475.1_ASM1777647v1_genomic	eutD_ace	acetate
FIHOGCNH_02183	tr|A0A401LEB7|A0A401LEB7_9FIRM	59.9	334	130	2	1	333	1	331	6.199999999999999e-107	378.6	GCF_017776475.1_ASM1777647v1_genomic	eutD_ace	acetate
FJMMAGOF_02612	tr|A0A401LEB7|A0A401LEB7_9FIRM	61	331	129	0	1	331	1	331	3.5e-110	389.4	GCF_018223505.1_ASM1822350v1_genomic	eutD_ace	acetate
FJMMAGOF_02612	tr|A0AAI8TN14|A0AAI8TN14_9FIRM	61	328	128	0	1	328	1	328	3.8999999999999998e-109	386	GCF_018223505.1_ASM1822350v1_genomic	eutD_ace	acetate
HNBDCEJE_01764	tr|A0A401LEB7|A0A401LEB7_9FIRM	60.8	334	127	2	1	333	1	331	2.4999999999999996e-108	383.3	GCF_018786105.1_ASM1878610v1_genomic	eutD_ace	acetate
HNBDCEJE_01764	tr|A0AAI8TN14|A0AAI8TN14_9FIRM	61.5	330	125	2	1	330	1	328	4.299999999999999e-108	382.5	GCF_018786105.1_ASM1878610v1_genomic	eutD_ace	acetate
PJECCCLI_02724	tr|A0A401LEB7|A0A401LEB7_9FIRM	60.8	334	127	2	1	333	1	331	1.4999999999999998e-108	384	GCF_018786145.1_ASM1878614v1_genomic	eutD_ace	acetate
PJECCCLI_02724	tr|A0AAI8TN14|A0AAI8TN14_9FIRM	61.2	330	126	2	1	330	1	328	9.599999999999998e-108	381.3	GCF_018786145.1_ASM1878614v1_genomic	eutD_ace	acetate
BKDKBNHJ_00596	tr|A0A401LEB7|A0A401LEB7_9FIRM	61.3	331	128	0	1	331	1	331	7.1e-111	391.7	GCF_018786165.1_ASM1878616v1_genomic	eutD_ace	acetate
CENNCKIL_00223	tr|A0AAI8TN14|A0AAI8TN14_9FIRM	62.2	328	124	0	1	328	1	328	7.799999999999999e-110	388.3	GCF_018918155.1_ASM1891815v1_genomic	eutD_ace	acetate
AMMGAKMD_00275	tr|A0A401LEB7|A0A401LEB7_9FIRM	60.4	331	131	0	1	331	1	331	3.5e-110	389.4	GCF_018982945.1_ASM1898294v1_genomic	eutD_ace	acetate
AMMGAKMD_00275	tr|A0AAI8TN14|A0AAI8TN14_9FIRM	62.2	328	124	0	1	328	1	328	3.5e-110	389.4	GCF_018982945.1_ASM1898294v1_genomic	eutD_ace	acetate
LKKNDKGL_01408	tr|A0AAI8TN14|A0AAI8TN14_9FIRM	65.7	329	113	0	1	329	1	329	8.299999999999998e-120	421.4	GCF_900624715.1_81B4_genomic	eutD_ace	acetate
IMCKJKOO_00761	tr|A0AAI8TN14|A0AAI8TN14_9FIRM	65.7	329	113	0	1	329	1	329	6.399999999999998e-120	421.8	GCF_902362655.1_MGYG-HGUT-00052_genomic	eutD_ace	acetate
LINHNLFA_00401	tr|A0A401LEB7|A0A401LEB7_9FIRM	60.4	333	130	1	1	333	1	331	1.4999999999999998e-108	384	GCF_902362875.1_MGYG-HGUT-00065_genomic	eutD_ace	acetate
LINHNLFA_00401	tr|A0AAI8TN14|A0AAI8TN14_9FIRM	60.6	330	128	1	1	330	1	328	9.599999999999998e-108	381.3	GCF_902362875.1_MGYG-HGUT-00065_genomic	eutD_ace	acetate
PMLNHHOO_01391	tr|A0AAI8TN14|A0AAI8TN14_9FIRM	65.7	329	113	0	1	329	1	329	8.299999999999998e-120	421.4	GCF_902362985.1_MGYG-HGUT-00080_genomic	eutD_ace	acetate
FCFHFNCF_02344	tr|A0A401LEB7|A0A401LEB7_9FIRM	60.8	334	127	2	1	333	1	331	2.4999999999999996e-108	383.3	GCF_902388025.1_UHGG_MGYG-HGUT-02528_genomic	eutD_ace	acetate
FCFHFNCF_02344	tr|A0AAI8TN14|A0AAI8TN14_9FIRM	61.5	330	125	2	1	330	1	328	4.299999999999999e-108	382.5	GCF_902388025.1_UHGG_MGYG-HGUT-02528_genomic	eutD_ace	acetate
ALDEGNKM_00879	tr|A0A401LEB7|A0A401LEB7_9FIRM	60.5	334	128	2	1	333	1	331	4.299999999999999e-108	382.5	SRR13592713	eutD_ace	acetate
ALDEGNKM_00879	tr|A0AAI8TN14|A0AAI8TN14_9FIRM	61.2	330	126	2	1	330	1	328	9.599999999999998e-108	381.3	SRR13592713	eutD_ace	acetate
ENPNCEFK_02596	tr|A0A401LEB7|A0A401LEB7_9FIRM	60.8	334	127	2	1	333	1	331	1.4999999999999998e-108	384	SRR13592785	eutD_ace	acetate
DBDDGIGG_02321	tr|A0A401LEB7|A0A401LEB7_9FIRM	60.8	334	127	2	1	333	1	331	1.4999999999999998e-108	384	SRR13592839	eutD_ace	acetate
AKKHJBDF_01266	tr|A0A401LEB7|A0A401LEB7_9FIRM	60.5	334	128	2	1	333	1	331	4.299999999999999e-108	382.5	SRR18440051	eutD_ace	acetate
AKKHJBDF_01266	tr|A0AAI8TN14|A0AAI8TN14_9FIRM	61.2	330	126	2	1	330	1	328	9.599999999999998e-108	381.3	SRR18440051	eutD_ace	acetate
KNONKLPG_00929	tr|A0A401LEB7|A0A401LEB7_9FIRM	60.8	334	127	2	1	333	1	331	2.4999999999999996e-108	383.3	SRR18440091	eutD_ace	acetate
KNONKLPG_00929	tr|A0AAI8TN14|A0AAI8TN14_9FIRM	61.5	330	125	2	1	330	1	328	4.299999999999999e-108	382.5	SRR18440091	eutD_ace	acetate
KIAEFJNH_01160	tr|A0A401LEB7|A0A401LEB7_9FIRM	60.8	334	127	2	1	333	1	331	2.4999999999999996e-108	383.3	SRR18440093	eutD_ace	acetate
KIAEFJNH_01160	tr|A0AAI8TN14|A0AAI8TN14_9FIRM	61.5	330	125	2	1	330	1	328	4.299999999999999e-108	382.5	SRR18440093	eutD_ace	acetate
HCPJCGEL_01146	tr|A0A401LEB7|A0A401LEB7_9FIRM	60.8	334	127	2	1	333	1	331	2.4999999999999996e-108	383.3	SRR18440101	eutD_ace	acetate
HCPJCGEL_01146	tr|A0AAI8TN14|A0AAI8TN14_9FIRM	61.5	330	125	2	1	330	1	328	4.299999999999999e-108	382.5	SRR18440101	eutD_ace	acetate
PMPCNALJ_01242	tr|A0A389LVG3|A0A389LVG3_9BACT	51.3	394	188	3	1	391	1	393	3.1999999999999996e-113	401	CM01_24_S247	tdcD_ace	acetate
OMENAAMB_00046	tr|A0A389LVG3|A0A389LVG3_9BACT	51.3	394	188	3	1	391	1	393	3.1999999999999996e-113	401	CM02_14_S245	tdcD_ace	acetate
JKIKAFLC_01457	tr|A0A389LVG3|A0A389LVG3_9BACT	51.3	394	188	3	1	391	1	393	3.1999999999999996e-113	401	CM02_2_S14	tdcD_ace	acetate
ENEEJMFF_01478	tr|A0A389LVG3|A0A389LVG3_9BACT	51.3	394	188	3	1	391	1	393	3.1999999999999996e-113	401	CM02_5_S246	tdcD_ace	acetate
COELJHHD_00896	tr|A0A389M629|A0A389M629_9FIRM	51.1	397	190	3	1	396	1	394	3.0999999999999994e-108	384.4	CM02_91_S238	tdcD_ace	acetate
COELJHHD_00896	tr|A0A389LVG3|A0A389LVG3_9BACT	50.5	394	192	3	1	392	1	393	5.299999999999999e-108	383.6	CM02_91_S238	tdcD_ace	acetate
MFFGPENN_00897	tr|A0A389M629|A0A389M629_9FIRM	51.1	397	190	3	1	396	1	394	3.0999999999999994e-108	384.4	CM03_34_S239	tdcD_ace	acetate
MFFGPENN_00897	tr|A0A389LVG3|A0A389LVG3_9BACT	50.5	394	192	3	1	392	1	393	5.299999999999999e-108	383.6	CM03_34_S239	tdcD_ace	acetate
LNNJOANA_01183	tr|A0A389LVG3|A0A389LVG3_9BACT	51.3	394	188	3	1	391	1	393	1.8999999999999996e-113	401.7	CM03_42_S4	tdcD_ace	acetate
AGGJHBAO_01587	tr|A0A389LVG3|A0A389LVG3_9BACT	51.3	394	188	3	1	391	1	393	3.1999999999999996e-113	401	CM03_47_S15	tdcD_ace	acetate
EGPMHLCL_01750	tr|A0A389LVG3|A0A389LVG3_9BACT	51.3	394	188	3	1	391	1	393	3.1999999999999996e-113	401	CM03_84_S248	tdcD_ace	acetate
CFOPOANE_01141	tr|A0A389LVG3|A0A389LVG3_9BACT	51.3	394	188	3	1	391	1	393	3.1999999999999996e-113	401	CM06_11_S6	tdcD_ace	acetate
NKGBJBBD_00177	tr|A0A389M629|A0A389M629_9FIRM	51.1	397	190	3	1	396	1	394	3.0999999999999994e-108	384.4	CM06_28_S240	tdcD_ace	acetate
NKGBJBBD_00177	tr|A0A389LVG3|A0A389LVG3_9BACT	50.5	394	192	3	1	392	1	393	5.299999999999999e-108	383.6	CM06_28_S240	tdcD_ace	acetate
PNMPHDDN_00644	tr|A0A389LVG3|A0A389LVG3_9BACT	51.3	394	188	3	1	391	1	393	3.1999999999999996e-113	401	CM06_29_S244	tdcD_ace	acetate
MANNIIDF_00456	tr|A0A389M629|A0A389M629_9FIRM	51.1	397	190	3	1	396	1	394	3.0999999999999994e-108	384.4	CM06_64_S241	tdcD_ace	acetate
MANNIIDF_00456	tr|A0A389LVG3|A0A389LVG3_9BACT	50.5	394	192	3	1	392	1	393	5.299999999999999e-108	383.6	CM06_64_S241	tdcD_ace	acetate
ALJHPLOP_00695	tr|A0A389LVG3|A0A389LVG3_9BACT	51.3	394	188	3	1	391	1	393	3.1999999999999996e-113	401	CM07_26_S11	tdcD_ace	acetate
KJDMGADN_00403	tr|A0A389LVG3|A0A389LVG3_9BACT	51.3	394	188	3	1	391	1	393	3.1999999999999996e-113	401	CM07_31_S12	tdcD_ace	acetate
BDKDGGGP_01797	tr|A0A389LVG3|A0A389LVG3_9BACT	51.3	394	188	3	1	391	1	393	3.1999999999999996e-113	401	CM1_23_S50	tdcD_ace	acetate
HOOBJGIH_00556	tr|A0A389LVG3|A0A389LVG3_9BACT	51.3	394	188	3	1	391	1	393	3.1999999999999996e-113	401	CM1_26_S52	tdcD_ace	acetate
CIHFMDFN_01197	tr|A0A389LVG3|A0A389LVG3_9BACT	51.3	394	188	3	1	391	1	393	3.1999999999999996e-113	401	CM1_30_S215	tdcD_ace	acetate
EBBEHFMM_00045	tr|A0A389LVG3|A0A389LVG3_9BACT	51.3	394	188	3	1	391	1	393	3.1999999999999996e-113	401	CM7_52_S47	tdcD_ace	acetate
PDHBOMMH_00556	tr|A0A389LVG3|A0A389LVG3_9BACT	51.3	394	188	3	1	391	1	393	3.1999999999999996e-113	401	CM7_69_S49	tdcD_ace	acetate
KJGPJFDD_01100	tr|A0A389LVG3|A0A389LVG3_9BACT	51.3	394	188	3	1	391	1	393	3.1999999999999996e-113	401	CM7_88B_S63	tdcD_ace	acetate
CKMKKBJN_00271	tr|A0A389LVG3|A0A389LVG3_9BACT	51	394	190	3	1	392	1	393	2.1e-109	388.3	GCA_003434455.1_ASM343445v1_genomic	tdcD_ace	acetate
CKMKKBJN_00271	tr|A0A389M629|A0A389M629_9FIRM	51.1	397	190	3	1	396	1	394	8.199999999999999e-109	386.3	GCA_003434455.1_ASM343445v1_genomic	tdcD_ace	acetate
OEMKGLFL_00896	tr|A0A389LVG3|A0A389LVG3_9BACT	51.3	394	188	3	1	391	1	393	3.1999999999999996e-113	401	GCA_008679275.1_ASM867927v1_genomic	tdcD_ace	acetate
GGHJLOIC_02607	tr|A0A389LVG3|A0A389LVG3_9BACT	51.3	394	188	3	1	391	1	393	3.1999999999999996e-113	401	GCA_008680515.1_ASM868051v1_genomic	tdcD_ace	acetate
OHGBJBEB_01240	tr|A0A389LVG3|A0A389LVG3_9BACT	51.3	394	188	3	1	391	1	393	3.1999999999999996e-113	401	GCA_008680995.1_ASM868099v1_genomic	tdcD_ace	acetate
HKCIDIBD_01080	tr|A0A389LVG3|A0A389LVG3_9BACT	51.3	394	188	3	1	391	1	393	3.1999999999999996e-113	401	GCA_014866065.1_ASM1486606v1_genomic	tdcD_ace	acetate
GOAADOEK_02879	tr|A0A389LVG3|A0A389LVG3_9BACT	51.3	394	188	3	1	391	1	393	3.1999999999999996e-113	401	GCA_017850655.1_ASM1785065v1_genomic	tdcD_ace	acetate
CENOFNFD_02278	tr|A0A389LVG3|A0A389LVG3_9BACT	51.3	394	188	3	1	391	1	393	3.1999999999999996e-113	401	GCA_017851275.1_ASM1785127v1_genomic	tdcD_ace	acetate
JBEMAFEM_02431	tr|A0A389LVG3|A0A389LVG3_9BACT	52.8	394	182	3	1	391	1	393	4.7999999999999996e-117	413.7	GCA_017888015.1_ASM1788801v1_genomic	tdcD_ace	acetate
BMGMBDAD_02632	tr|A0A389LVG3|A0A389LVG3_9BACT	51	394	190	3	1	392	1	393	2.1e-109	388.3	GCA_018364275.1_ASM1836427v1_genomic	tdcD_ace	acetate
BMGMBDAD_02632	tr|A0A389M629|A0A389M629_9FIRM	51.1	397	190	3	1	396	1	394	8.199999999999999e-109	386.3	GCA_018364275.1_ASM1836427v1_genomic	tdcD_ace	acetate
COHCHOOG_00498	tr|A0A389LVG3|A0A389LVG3_9BACT	51.3	394	188	3	1	391	1	393	3.1999999999999996e-113	401	GCA_018365775.1_ASM1836577v1_genomic	tdcD_ace	acetate
OHEALFFL_02528	tr|A0A389M629|A0A389M629_9FIRM	51.1	397	190	3	1	396	1	394	3.0999999999999994e-108	384.4	GCA_018375095.1_ASM1837509v1_genomic	tdcD_ace	acetate
OHEALFFL_02528	tr|A0A389LVG3|A0A389LVG3_9BACT	50.5	394	192	3	1	392	1	393	5.299999999999999e-108	383.6	GCA_018375095.1_ASM1837509v1_genomic	tdcD_ace	acetate
CGPEJKEM_02934	tr|A0A389LVG3|A0A389LVG3_9BACT	51	394	190	3	1	392	1	393	1.7999999999999997e-108	385.2	GCA_018381315.1_ASM1838131v1_genomic	tdcD_ace	acetate
CGPEJKEM_02934	tr|A0A389M629|A0A389M629_9FIRM	51.1	397	190	3	1	396	1	394	6.899999999999998e-108	383.3	GCA_018381315.1_ASM1838131v1_genomic	tdcD_ace	acetate
PHOGJLGL_01264	tr|A0A389LVG3|A0A389LVG3_9BACT	51.8	394	186	3	1	391	1	393	1.9999999999999999e-115	408.3	GCA_019114985.1_ASM1911498v1_genomic	tdcD_ace	acetate
GMFGONPC_01302	tr|A0A389LVG3|A0A389LVG3_9BACT	51.4	393	189	2	1	391	1	393	1.3e-114	405.6	GCA_019119895.1_ASM1911989v1_genomic	tdcD_ace	acetate
KFGAIAHJ_01163	tr|A0A389LVG3|A0A389LVG3_9BACT	51.3	394	188	3	1	391	1	393	3.1999999999999996e-113	401	GCA_900066705.1_14207_7_32_genomic	tdcD_ace	acetate
NGLOOAMH_00185	tr|A0A389LVG3|A0A389LVG3_9BACT	51.8	394	186	3	1	391	1	393	1.9999999999999999e-115	408.3	GCA_904419485.1_Chicken_16_mag_180_genomic	tdcD_ace	acetate
JCLDBKBJ_00826	tr|A0A389LVG3|A0A389LVG3_9BACT	52.8	394	182	3	1	391	1	393	4.7999999999999996e-117	413.7	GCA_904419565.1_Chicken_21_mag_8_genomic	tdcD_ace	acetate
AELLMANC_00742	tr|A0A389M629|A0A389M629_9FIRM	51.1	397	190	3	1	396	1	394	1.3999999999999998e-108	385.6	GCA_905199235.1_SRR2912801-mag-bin.12_genomic	tdcD_ace	acetate
AELLMANC_00742	tr|A0A389LVG3|A0A389LVG3_9BACT	50.5	394	192	3	1	392	1	393	2.3999999999999994e-108	384.8	GCA_905199235.1_SRR2912801-mag-bin.12_genomic	tdcD_ace	acetate
GBIGEHMO_01397	tr|A0A389LVG3|A0A389LVG3_9BACT	51.5	394	187	3	1	391	1	393	8.4e-114	402.9	GCA_905206325.1_ERR1600569-mag-bin.31_genomic	tdcD_ace	acetate
BOMDPHAE_00322	tr|A0A389LVG3|A0A389LVG3_9BACT	51	394	190	3	1	392	1	393	2.1e-109	388.3	GCA_910574135.1_MGBC000029_genomic	tdcD_ace	acetate
BOMDPHAE_00322	tr|A0A389M629|A0A389M629_9FIRM	51.1	397	190	3	1	396	1	394	8.199999999999999e-109	386.3	GCA_910574135.1_MGBC000029_genomic	tdcD_ace	acetate
PEOBIMBK_00462	tr|A0A389LVG3|A0A389LVG3_9BACT	51	394	190	3	1	392	1	393	2.1e-109	388.3	GCA_910574775.1_MGBC000097_genomic	tdcD_ace	acetate
PEOBIMBK_00462	tr|A0A389M629|A0A389M629_9FIRM	51.1	397	190	3	1	396	1	394	8.199999999999999e-109	386.3	GCA_910574775.1_MGBC000097_genomic	tdcD_ace	acetate
OLPJKGML_00190	tr|A0A389LVG3|A0A389LVG3_9BACT	51	394	190	3	1	392	1	393	2.1e-109	388.3	GCA_910574945.1_MGBC000090_genomic	tdcD_ace	acetate
OLPJKGML_00190	tr|A0A389M629|A0A389M629_9FIRM	51.1	397	190	3	1	396	1	394	8.199999999999999e-109	386.3	GCA_910574945.1_MGBC000090_genomic	tdcD_ace	acetate
HHFKICIG_00380	tr|A0A389LVG3|A0A389LVG3_9BACT	51	394	190	3	1	392	1	393	2.1e-109	388.3	GCA_910575065.1_MGBC000096_genomic	tdcD_ace	acetate
HHFKICIG_00380	tr|A0A389M629|A0A389M629_9FIRM	51.1	397	190	3	1	396	1	394	8.199999999999999e-109	386.3	GCA_910575065.1_MGBC000096_genomic	tdcD_ace	acetate
HCONJCLK_00484	tr|A0A389LVG3|A0A389LVG3_9BACT	51	394	190	3	1	392	1	393	2.1e-109	388.3	GCA_910575135.1_MGBC000098_genomic	tdcD_ace	acetate
HCONJCLK_00484	tr|A0A389M629|A0A389M629_9FIRM	51.1	397	190	3	1	396	1	394	8.199999999999999e-109	386.3	GCA_910575135.1_MGBC000098_genomic	tdcD_ace	acetate
CCPHMFGG_03116	tr|A0A389M629|A0A389M629_9FIRM	51.1	397	190	3	1	396	1	394	1.3999999999999998e-108	385.6	GCF_000154305.1_ASM15430v1_genomic	tdcD_ace	acetate
CCPHMFGG_03116	tr|A0A389LVG3|A0A389LVG3_9BACT	50.5	394	192	3	1	392	1	393	2.3999999999999994e-108	384.8	GCF_000154305.1_ASM15430v1_genomic	tdcD_ace	acetate
ADFGDNLJ_02386	tr|A0A389LVG3|A0A389LVG3_9BACT	51	394	189	3	1	391	1	393	7.099999999999999e-113	399.8	GCF_000154545.1_ASM15454v1_genomic	tdcD_ace	acetate
GBMCNOMD_01850	tr|A0A389LVG3|A0A389LVG3_9BACT	51.3	394	188	3	1	391	1	393	3.1999999999999996e-113	401	GCF_000185525.1_ASM18552v1_genomic	tdcD_ace	acetate
INJFBHEB_02452	tr|A0A389M629|A0A389M629_9FIRM	51.1	397	190	3	1	396	1	394	3.0999999999999994e-108	384.4	GCF_000185825.1_ASM18582v1_genomic	tdcD_ace	acetate
INJFBHEB_02452	tr|A0A389LVG3|A0A389LVG3_9BACT	50.5	394	192	3	1	392	1	393	5.299999999999999e-108	383.6	GCF_000185825.1_ASM18582v1_genomic	tdcD_ace	acetate
DLMLEDEJ_00772	tr|A0A389LVG3|A0A389LVG3_9BACT	51	394	189	3	1	391	1	393	7.099999999999999e-113	399.8	GCF_000210695.1_ASM21069v1_genomic	tdcD_ace	acetate
NAGOKMPI_00405	tr|A0A389LVG3|A0A389LVG3_9BACT	51.3	394	188	3	1	391	1	393	3.1999999999999996e-113	401	GCF_000332875.2_ASM33287v2_genomic	tdcD_ace	acetate
LLKGOANK_00654	tr|A0A389M629|A0A389M629_9FIRM	51.1	397	190	3	1	396	1	394	3.0999999999999994e-108	384.4	GCF_000432215.1_MGS276_genomic	tdcD_ace	acetate
LLKGOANK_00654	tr|A0A389LVG3|A0A389LVG3_9BACT	50.5	394	192	3	1	392	1	393	5.299999999999999e-108	383.6	GCF_000432215.1_MGS276_genomic	tdcD_ace	acetate
HLBILBHM_02828	tr|A0A389LVG3|A0A389LVG3_9BACT	51	394	190	3	1	392	1	393	2.1e-109	388.3	GCF_000508985.1_ASM50898v1_genomic	tdcD_ace	acetate
HLBILBHM_02828	tr|A0A389M629|A0A389M629_9FIRM	51.1	397	190	3	1	396	1	394	8.199999999999999e-109	386.3	GCF_000508985.1_ASM50898v1_genomic	tdcD_ace	acetate
HCABBDHA_01519	tr|A0A389LVG3|A0A389LVG3_9BACT	51.3	394	188	3	1	391	1	393	3.1999999999999996e-113	401	GCF_000876135.1_ASM87613v1_genomic	tdcD_ace	acetate
LLAFECMD_04330	tr|A0A389M629|A0A389M629_9FIRM	51.1	397	190	3	1	396	1	394	1.3999999999999998e-108	385.6	GCF_001304975.1_ASM130497v1_genomic	tdcD_ace	acetate
LLAFECMD_04330	tr|A0A389LVG3|A0A389LVG3_9BACT	50.5	394	192	3	1	392	1	393	2.3999999999999994e-108	384.8	GCF_001304975.1_ASM130497v1_genomic	tdcD_ace	acetate
IPCBICDJ_01065	tr|A0A389LVG3|A0A389LVG3_9BACT	51	394	189	3	1	391	1	393	7.099999999999999e-113	399.8	GCF_001404835.1_14207_7_31_genomic	tdcD_ace	acetate
PCLFALEG_01644	tr|A0A389LVG3|A0A389LVG3_9BACT	51.3	394	188	3	1	391	1	393	3.1999999999999996e-113	401	GCF_001404955.1_13470_2_79_genomic	tdcD_ace	acetate
HAHNOBOP_02400	tr|A0A389LVG3|A0A389LVG3_9BACT	51.3	394	188	3	1	391	1	393	3.1999999999999996e-113	401	GCF_001405635.1_14207_7_82_genomic	tdcD_ace	acetate
IEJMHOJM_01687	tr|A0A389LVG3|A0A389LVG3_9BACT	51.3	394	188	3	1	391	1	393	3.1999999999999996e-113	401	GCF_001405715.1_13414_6_52_genomic	tdcD_ace	acetate
EHNAPLNG_02345	tr|A0A389LVG3|A0A389LVG3_9BACT	51.3	394	188	3	1	391	1	393	3.1999999999999996e-113	401	GCF_001998765.1_ASM199876v1_genomic	tdcD_ace	acetate
DBAKHCIC_02439	tr|A0A389LVG3|A0A389LVG3_9BACT	51	394	190	3	1	392	1	393	2.1e-109	388.3	GCF_002270485.1_ASM227048v1_genomic	tdcD_ace	acetate
DBAKHCIC_02439	tr|A0A389M629|A0A389M629_9FIRM	51.1	397	190	3	1	396	1	394	8.199999999999999e-109	386.3	GCF_002270485.1_ASM227048v1_genomic	tdcD_ace	acetate
CPPLKMCL_02100	tr|A0A389LVG3|A0A389LVG3_9BACT	51.5	394	187	3	1	391	1	393	8.4e-114	402.9	GCF_003461705.1_ASM346170v1_genomic	tdcD_ace	acetate
IJGKDCGE_01310	tr|A0A389M629|A0A389M629_9FIRM	50.9	397	191	3	1	396	1	394	6.899999999999998e-108	383.3	GCF_003461725.1_ASM346172v1_genomic	tdcD_ace	acetate
IJGKDCGE_01310	tr|A0A389LVG3|A0A389LVG3_9BACT	50.3	394	193	3	1	392	1	393	8.999999999999998e-108	382.9	GCF_003461725.1_ASM346172v1_genomic	tdcD_ace	acetate
KIKGGPNJ_00319	tr|A0A389LVG3|A0A389LVG3_9BACT	51.3	394	188	3	1	391	1	393	3.1999999999999996e-113	401	GCF_003473625.1_ASM347362v1_genomic	tdcD_ace	acetate
IKIFGNDM_02561	tr|A0A389LVG3|A0A389LVG3_9BACT	51.3	394	188	3	1	391	1	393	3.1999999999999996e-113	401	GCF_003473725.1_ASM347372v1_genomic	tdcD_ace	acetate
OAFBMJDC_00618	tr|A0A389LVG3|A0A389LVG3_9BACT	51.3	394	188	3	1	391	1	393	3.1999999999999996e-113	401	GCF_003477415.1_ASM347741v1_genomic	tdcD_ace	acetate
MCKGPBFA_00253	tr|A0A389LVG3|A0A389LVG3_9BACT	51.3	394	188	3	1	391	1	393	3.1999999999999996e-113	401	GCF_003480775.1_ASM348077v1_genomic	tdcD_ace	acetate
KJNMABBL_00244	tr|A0A389LVG3|A0A389LVG3_9BACT	51.3	394	188	3	1	391	1	393	3.1999999999999996e-113	401	GCF_003480825.1_ASM348082v1_genomic	tdcD_ace	acetate
NBKPIGMC_02920	tr|A0A389LVG3|A0A389LVG3_9BACT	51.3	394	188	3	1	391	1	393	3.1999999999999996e-113	401	GCF_003481105.1_ASM348110v1_genomic	tdcD_ace	acetate
LNILJCCL_02894	tr|A0A389LVG3|A0A389LVG3_9BACT	51.3	394	188	3	1	391	1	393	3.1999999999999996e-113	401	GCF_003481805.1_ASM348180v1_genomic	tdcD_ace	acetate
PFDPBJPF_02320	tr|A0A389M629|A0A389M629_9FIRM	51.6	397	188	3	1	396	1	394	1.0999999999999999e-108	386	GCF_005280655.1_ASM528065v1_genomic	tdcD_ace	acetate
PFDPBJPF_02320	tr|A0A389LVG3|A0A389LVG3_9BACT	50.5	394	192	3	1	392	1	393	1.1999999999999998e-107	382.5	GCF_005280655.1_ASM528065v1_genomic	tdcD_ace	acetate
AMDOHACK_02383	tr|A0A389LVG3|A0A389LVG3_9BACT	51.3	394	188	3	1	391	1	393	3.1999999999999996e-113	401	GCF_008416325.1_ASM841632v1_genomic	tdcD_ace	acetate
EGFDKNMG_00270	tr|A0A389LVG3|A0A389LVG3_9BACT	51.3	394	188	3	1	391	1	393	3.1999999999999996e-113	401	GCF_013302355.1_ASM1330235v1_genomic	tdcD_ace	acetate
HLIEKABP_00368	tr|A0A389LVG3|A0A389LVG3_9BACT	51.3	394	188	3	1	391	1	393	3.1999999999999996e-113	401	GCF_013302445.1_ASM1330244v1_genomic	tdcD_ace	acetate
JONNAMEE_01093	tr|A0A389LVG3|A0A389LVG3_9BACT	51.3	394	188	3	1	391	1	393	3.1999999999999996e-113	401	GCF_013302455.1_ASM1330245v1_genomic	tdcD_ace	acetate
EMIBJJME_00015	tr|A0A389LVG3|A0A389LVG3_9BACT	51.3	394	188	3	1	391	1	393	3.1999999999999996e-113	401	GCF_013302465.1_ASM1330246v1_genomic	tdcD_ace	acetate
OPNJLELE_00235	tr|A0A389LVG3|A0A389LVG3_9BACT	51.3	394	188	3	1	391	1	393	3.1999999999999996e-113	401	GCF_013302475.1_ASM1330247v1_genomic	tdcD_ace	acetate
HFIKEABA_00555	tr|A0A389LVG3|A0A389LVG3_9BACT	51.3	394	188	3	1	391	1	393	3.1999999999999996e-113	401	GCF_013302525.1_ASM1330252v1_genomic	tdcD_ace	acetate
EKLJFINO_01106	tr|A0A389LVG3|A0A389LVG3_9BACT	51.3	394	188	3	1	391	1	393	3.1999999999999996e-113	401	GCF_013302545.1_ASM1330254v1_genomic	tdcD_ace	acetate
CGGOBLDE_01010	tr|A0A389LVG3|A0A389LVG3_9BACT	51.3	394	188	3	1	391	1	393	3.1999999999999996e-113	401	GCF_013302555.1_ASM1330255v1_genomic	tdcD_ace	acetate
CFLOBBPJ_00986	tr|A0A389LVG3|A0A389LVG3_9BACT	51.3	394	188	3	1	391	1	393	3.1999999999999996e-113	401	GCF_013302565.1_ASM1330256v1_genomic	tdcD_ace	acetate
CNJAGMEN_02884	tr|A0A389LVG3|A0A389LVG3_9BACT	51.3	394	188	3	1	391	1	393	3.1999999999999996e-113	401	GCF_013302595.1_ASM1330259v1_genomic	tdcD_ace	acetate
BPMFDCLE_00191	tr|A0A389LVG3|A0A389LVG3_9BACT	51.3	394	188	3	1	391	1	393	3.1999999999999996e-113	401	GCF_013302605.1_ASM1330260v1_genomic	tdcD_ace	acetate
PBOEODCG_00411	tr|A0A389LVG3|A0A389LVG3_9BACT	51.3	394	188	3	1	391	1	393	3.1999999999999996e-113	401	GCF_013302645.1_ASM1330264v1_genomic	tdcD_ace	acetate
PDPFBEPF_00489	tr|A0A389LVG3|A0A389LVG3_9BACT	51.3	394	188	3	1	391	1	393	3.1999999999999996e-113	401	GCF_013302665.1_ASM1330266v1_genomic	tdcD_ace	acetate
AMFMHKFD_02088	tr|A0A389LVG3|A0A389LVG3_9BACT	51.3	394	188	3	1	391	1	393	3.1999999999999996e-113	401	GCF_013302675.1_ASM1330267v1_genomic	tdcD_ace	acetate
NOEHOIPN_00442	tr|A0A389LVG3|A0A389LVG3_9BACT	51.3	394	188	3	1	391	1	393	3.1999999999999996e-113	401	GCF_013302685.1_ASM1330268v1_genomic	tdcD_ace	acetate
GKONJLLH_00044	tr|A0A389LVG3|A0A389LVG3_9BACT	51.3	394	188	3	1	391	1	393	3.1999999999999996e-113	401	GCF_013302715.1_ASM1330271v1_genomic	tdcD_ace	acetate
JHAHNFPD_02632	tr|A0A389LVG3|A0A389LVG3_9BACT	51.3	394	188	3	1	391	1	393	3.1999999999999996e-113	401	GCF_013302745.1_ASM1330274v1_genomic	tdcD_ace	acetate
GDEOMAJN_03101	tr|A0A389LVG3|A0A389LVG3_9BACT	51.3	394	188	3	1	391	1	393	3.1999999999999996e-113	401	GCF_013302755.1_ASM1330275v1_genomic	tdcD_ace	acetate
MBKEJNJN_02445	tr|A0A389LVG3|A0A389LVG3_9BACT	51.3	394	188	3	1	391	1	393	3.1999999999999996e-113	401	GCF_013302785.1_ASM1330278v1_genomic	tdcD_ace	acetate
OPKLNLBG_03156	tr|A0A389LVG3|A0A389LVG3_9BACT	51.3	394	188	3	1	391	1	393	3.1999999999999996e-113	401	GCF_013302795.1_ASM1330279v1_genomic	tdcD_ace	acetate
JGHPJKMJ_00044	tr|A0A389LVG3|A0A389LVG3_9BACT	51.3	394	188	3	1	391	1	393	3.1999999999999996e-113	401	GCF_013302815.1_ASM1330281v1_genomic	tdcD_ace	acetate
BNIKGBIE_03033	tr|A0A389LVG3|A0A389LVG3_9BACT	51.3	394	188	3	1	391	1	393	3.1999999999999996e-113	401	GCF_013302845.1_ASM1330284v1_genomic	tdcD_ace	acetate
LODAONLG_03166	tr|A0A389LVG3|A0A389LVG3_9BACT	51.3	394	188	3	1	391	1	393	3.1999999999999996e-113	401	GCF_013302855.1_ASM1330285v1_genomic	tdcD_ace	acetate
BAOEOFND_03069	tr|A0A389LVG3|A0A389LVG3_9BACT	51.3	394	188	3	1	391	1	393	3.1999999999999996e-113	401	GCF_013303175.1_ASM1330317v1_genomic	tdcD_ace	acetate
EBNLJOOF_00349	tr|A0A389LVG3|A0A389LVG3_9BACT	51.3	394	188	3	1	391	1	393	3.1999999999999996e-113	401	GCF_013303185.1_ASM1330318v1_genomic	tdcD_ace	acetate
MEADLIFI_00706	tr|A0A389LVG3|A0A389LVG3_9BACT	51.3	394	188	3	1	391	1	393	3.1999999999999996e-113	401	GCF_013303225.1_ASM1330322v1_genomic	tdcD_ace	acetate
PELCBIIC_00125	tr|A0A389LVG3|A0A389LVG3_9BACT	51.3	394	188	3	1	391	1	393	3.1999999999999996e-113	401	GCF_013304505.1_ASM1330450v1_genomic	tdcD_ace	acetate
KCCNKEMN_01121	tr|A0A389LVG3|A0A389LVG3_9BACT	51.3	394	188	3	1	391	1	393	3.1999999999999996e-113	401	GCF_013304555.1_ASM1330455v1_genomic	tdcD_ace	acetate
BDIBMIHG_01280	tr|A0A389M629|A0A389M629_9FIRM	51.1	397	190	3	1	396	1	394	1.3999999999999998e-108	385.6	GCF_014131675.1_ASM1413167v1_genomic	tdcD_ace	acetate
BDIBMIHG_01280	tr|A0A389LVG3|A0A389LVG3_9BACT	50.5	394	192	3	1	392	1	393	2.3999999999999994e-108	384.8	GCF_014131675.1_ASM1413167v1_genomic	tdcD_ace	acetate
NPHNFAPN_00990	tr|A0A389LVG3|A0A389LVG3_9BACT	51	394	190	3	1	392	1	393	2.1e-109	388.3	GCF_014290215.1_ASM1429021v1_genomic	tdcD_ace	acetate
NPHNFAPN_00990	tr|A0A389M629|A0A389M629_9FIRM	51.1	397	190	3	1	396	1	394	8.199999999999999e-109	386.3	GCF_014290215.1_ASM1429021v1_genomic	tdcD_ace	acetate
MNMGKBAP_02224	tr|A0A389M629|A0A389M629_9FIRM	51.1	397	190	3	1	396	1	394	1.3999999999999998e-108	385.6	GCF_014467075.1_ASM1446707v1_genomic	tdcD_ace	acetate
MNMGKBAP_02224	tr|A0A389LVG3|A0A389LVG3_9BACT	50.5	394	192	3	1	392	1	393	2.3999999999999994e-108	384.8	GCF_014467075.1_ASM1446707v1_genomic	tdcD_ace	acetate
FIMAFPCP_02638	tr|A0A389LVG3|A0A389LVG3_9BACT	51.3	394	188	3	1	391	1	393	3.1999999999999996e-113	401	GCF_015554695.1_ASM1555469v1_genomic	tdcD_ace	acetate
EFNOLNOC_01934	tr|A0A389LVG3|A0A389LVG3_9BACT	52.8	394	182	3	1	391	1	393	4.7999999999999996e-117	413.7	GCF_016586355.1_ASM1658635v1_genomic	tdcD_ace	acetate
AOFLGCOF_00535	tr|A0A389LVG3|A0A389LVG3_9BACT	51.3	394	188	3	1	391	1	393	3.1999999999999996e-113	401	GCF_017776395.1_ASM1777639v1_genomic	tdcD_ace	acetate
LBKPHDGB_00626	tr|A0A389LVG3|A0A389LVG3_9BACT	51.3	394	188	3	1	391	1	393	3.1999999999999996e-113	401	GCF_017776445.1_ASM1777644v1_genomic	tdcD_ace	acetate
FIHOGCNH_02184	tr|A0A389LVG3|A0A389LVG3_9BACT	51.3	394	188	3	1	391	1	393	3.1999999999999996e-113	401	GCF_017776475.1_ASM1777647v1_genomic	tdcD_ace	acetate
FJMMAGOF_02613	tr|A0A389LVG3|A0A389LVG3_9BACT	51.5	394	187	3	1	391	1	393	8.4e-114	402.9	GCF_018223505.1_ASM1822350v1_genomic	tdcD_ace	acetate
HNBDCEJE_01763	tr|A0A389LVG3|A0A389LVG3_9BACT	51.3	394	188	3	1	391	1	393	3.1999999999999996e-113	401	GCF_018786105.1_ASM1878610v1_genomic	tdcD_ace	acetate
PJECCCLI_02723	tr|A0A389LVG3|A0A389LVG3_9BACT	51.3	394	188	3	1	391	1	393	3.1999999999999996e-113	401	GCF_018786145.1_ASM1878614v1_genomic	tdcD_ace	acetate
BKDKBNHJ_00595	tr|A0A389LVG3|A0A389LVG3_9BACT	51.5	394	187	3	1	391	1	393	8.4e-114	402.9	GCF_018786165.1_ASM1878616v1_genomic	tdcD_ace	acetate
CENNCKIL_00222	tr|A0A389LVG3|A0A389LVG3_9BACT	51.3	394	188	3	1	391	1	393	7.6e-115	406.4	GCF_018918155.1_ASM1891815v1_genomic	tdcD_ace	acetate
AMMGAKMD_00276	tr|A0A389LVG3|A0A389LVG3_9BACT	50.8	394	190	3	1	391	1	393	7.099999999999999e-113	399.8	GCF_018982945.1_ASM1898294v1_genomic	tdcD_ace	acetate
LKKNDKGL_01409	tr|A0A389M629|A0A389M629_9FIRM	51.1	397	190	3	1	396	1	394	3.0999999999999994e-108	384.4	GCF_900624715.1_81B4_genomic	tdcD_ace	acetate
LKKNDKGL_01409	tr|A0A389LVG3|A0A389LVG3_9BACT	50.5	394	192	3	1	392	1	393	5.299999999999999e-108	383.6	GCF_900624715.1_81B4_genomic	tdcD_ace	acetate
IMCKJKOO_00762	tr|A0A389LVG3|A0A389LVG3_9BACT	51	394	190	3	1	392	1	393	2.1e-109	388.3	GCF_902362655.1_MGYG-HGUT-00052_genomic	tdcD_ace	acetate
IMCKJKOO_00762	tr|A0A389M629|A0A389M629_9FIRM	51.1	397	190	3	1	396	1	394	8.199999999999999e-109	386.3	GCF_902362655.1_MGYG-HGUT-00052_genomic	tdcD_ace	acetate
LINHNLFA_00402	tr|A0A389LVG3|A0A389LVG3_9BACT	51.3	394	188	3	1	391	1	393	3.1999999999999996e-113	401	GCF_902362875.1_MGYG-HGUT-00065_genomic	tdcD_ace	acetate
PMLNHHOO_01392	tr|A0A389M629|A0A389M629_9FIRM	51.1	397	190	3	1	396	1	394	3.0999999999999994e-108	384.4	GCF_902362985.1_MGYG-HGUT-00080_genomic	tdcD_ace	acetate
PMLNHHOO_01392	tr|A0A389LVG3|A0A389LVG3_9BACT	50.5	394	192	3	1	392	1	393	5.299999999999999e-108	383.6	GCF_902362985.1_MGYG-HGUT-00080_genomic	tdcD_ace	acetate
FCFHFNCF_02345	tr|A0A389LVG3|A0A389LVG3_9BACT	51.3	394	188	3	1	391	1	393	3.1999999999999996e-113	401	GCF_902388025.1_UHGG_MGYG-HGUT-02528_genomic	tdcD_ace	acetate
ALDEGNKM_00880	tr|A0A389LVG3|A0A389LVG3_9BACT	51.3	394	188	3	1	391	1	393	3.1999999999999996e-113	401	SRR13592713	tdcD_ace	acetate
ENPNCEFK_02595	tr|A0A389LVG3|A0A389LVG3_9BACT	51.3	394	188	3	1	391	1	393	3.1999999999999996e-113	401	SRR13592785	tdcD_ace	acetate
DBDDGIGG_02322	tr|A0A389LVG3|A0A389LVG3_9BACT	51.3	394	188	3	1	391	1	393	3.1999999999999996e-113	401	SRR13592839	tdcD_ace	acetate
AKKHJBDF_01265	tr|A0A389LVG3|A0A389LVG3_9BACT	51.3	394	188	3	1	391	1	393	3.1999999999999996e-113	401	SRR18440051	tdcD_ace	acetate
KNONKLPG_00930	tr|A0A389LVG3|A0A389LVG3_9BACT	51.3	394	188	3	1	391	1	393	3.1999999999999996e-113	401	SRR18440091	tdcD_ace	acetate
KIAEFJNH_01161	tr|A0A389LVG3|A0A389LVG3_9BACT	51.3	394	188	3	1	391	1	393	3.1999999999999996e-113	401	SRR18440093	tdcD_ace	acetate
HCPJCGEL_01147	tr|A0A389LVG3|A0A389LVG3_9BACT	51.3	394	188	3	1	391	1	393	3.1999999999999996e-113	401	SRR18440101	tdcD_ace	acetate
