qseqid	sseqid	pident	length	mismatch	gapopen	qstart	qend	sstart	send	evalue	bitscore	genome_name	gene_name
PMPCNALJ_01827	tr|D4MU93|D4MU93_ANAHA	100	351	0	0	1	351	1	351	2.1e-198	687.6	CM01_24_S247	gerAB
PMPCNALJ_01827	tr|A0A415YHT4|A0A415YHT4_9FIRM	99.7	351	1	0	1	351	1	351	4.6e-198	686.4	CM01_24_S247	gerAB
PMPCNALJ_01827	tr|E5VPQ5|E5VPQ5_9FIRM	99.7	351	1	0	1	351	1	351	1.7e-197	684.5	CM01_24_S247	gerAB
PMPCNALJ_01827	tr|A0A1Q2C6A8|A0A1Q2C6A8_ANAHA	98.9	351	4	0	1	351	1	351	1.5e-196	681.4	CM01_24_S247	gerAB
OMENAAMB_00955	tr|D4MU93|D4MU93_ANAHA	100	351	0	0	1	351	1	351	2.1e-198	687.6	CM02_14_S245	gerAB
OMENAAMB_00955	tr|A0A415YHT4|A0A415YHT4_9FIRM	99.7	351	1	0	1	351	1	351	4.6e-198	686.4	CM02_14_S245	gerAB
OMENAAMB_00955	tr|E5VPQ5|E5VPQ5_9FIRM	99.7	351	1	0	1	351	1	351	1.7e-197	684.5	CM02_14_S245	gerAB
OMENAAMB_00955	tr|A0A1Q2C6A8|A0A1Q2C6A8_ANAHA	98.9	351	4	0	1	351	1	351	1.5e-196	681.4	CM02_14_S245	gerAB
JKIKAFLC_00394	tr|A0A415WE24|A0A415WE24_9FIRM	98.3	351	6	0	1	351	1	351	8.7e-197	682.2	CM02_2_S14	gerAB
JKIKAFLC_00394	tr|A0AAQ3PXF1|A0AAQ3PXF1_ANAHA	98.3	351	6	0	1	351	1	351	5.6e-196	679.5	CM02_2_S14	gerAB
ENEEJMFF_00317	tr|A0A417K2U7|A0A417K2U7_9FIRM	99.1	351	3	0	1	351	1	351	2.3e-197	684.1	CM02_5_S246	gerAB
ENEEJMFF_00317	tr|A0A415YHT4|A0A415YHT4_9FIRM	98.3	351	6	0	1	351	1	351	1.2e-195	678.3	CM02_5_S246	gerAB
COELJHHD_03222	tr|A0A374ARF6|A0A374ARF6_9FIRM	100	352	0	0	1	352	1	352	2.8e-203	703.7	CM02_91_S238	gerAB
COELJHHD_03222	tr|A0A6N2WEJ3|A0A6N2WEJ3_9FIRM	99.7	352	1	0	1	352	1	352	1.1e-202	701.8	CM02_91_S238	gerAB
COELJHHD_03222	tr|B0MHA2|B0MHA2_ANACD	99.7	352	1	0	1	352	1	352	1.1e-202	701.8	CM02_91_S238	gerAB
MFFGPENN_03221	tr|A0A374ARF6|A0A374ARF6_9FIRM	100	352	0	0	1	352	1	352	2.8e-203	703.7	CM03_34_S239	gerAB
MFFGPENN_03221	tr|A0A6N2WEJ3|A0A6N2WEJ3_9FIRM	99.7	352	1	0	1	352	1	352	1.1e-202	701.8	CM03_34_S239	gerAB
MFFGPENN_03221	tr|B0MHA2|B0MHA2_ANACD	99.7	352	1	0	1	352	1	352	1.1e-202	701.8	CM03_34_S239	gerAB
LNNJOANA_00379	tr|A0A417K2U7|A0A417K2U7_9FIRM	100	351	0	0	1	351	1	351	9.2e-199	688.7	CM03_42_S4	gerAB
LNNJOANA_00379	tr|A0A415YHT4|A0A415YHT4_9FIRM	99.1	351	3	0	1	351	1	351	5.1e-197	682.9	CM03_42_S4	gerAB
AGGJHBAO_00819	tr|D4MU93|D4MU93_ANAHA	100	351	0	0	1	351	1	351	2.1e-198	687.6	CM03_47_S15	gerAB
AGGJHBAO_00819	tr|A0A415YHT4|A0A415YHT4_9FIRM	99.7	351	1	0	1	351	1	351	4.6e-198	686.4	CM03_47_S15	gerAB
AGGJHBAO_00819	tr|E5VPQ5|E5VPQ5_9FIRM	99.7	351	1	0	1	351	1	351	1.7e-197	684.5	CM03_47_S15	gerAB
AGGJHBAO_00819	tr|A0A1Q2C6A8|A0A1Q2C6A8_ANAHA	98.9	351	4	0	1	351	1	351	1.5e-196	681.4	CM03_47_S15	gerAB
EGPMHLCL_00895	tr|D4MU93|D4MU93_ANAHA	100	351	0	0	1	351	1	351	2.1e-198	687.6	CM03_84_S248	gerAB
EGPMHLCL_00895	tr|A0A415YHT4|A0A415YHT4_9FIRM	99.7	351	1	0	1	351	1	351	4.6e-198	686.4	CM03_84_S248	gerAB
EGPMHLCL_00895	tr|E5VPQ5|E5VPQ5_9FIRM	99.7	351	1	0	1	351	1	351	1.7e-197	684.5	CM03_84_S248	gerAB
EGPMHLCL_00895	tr|A0A1Q2C6A8|A0A1Q2C6A8_ANAHA	98.9	351	4	0	1	351	1	351	1.5e-196	681.4	CM03_84_S248	gerAB
CFOPOANE_00509	tr|A0A415WE24|A0A415WE24_9FIRM	98.9	351	4	0	1	351	1	351	3.3e-196	680.2	CM06_11_S6	gerAB
CFOPOANE_00509	tr|A0A417K2U7|A0A417K2U7_9FIRM	98.3	351	6	0	1	351	1	351	6.2e-195	676	CM06_11_S6	gerAB
CFOPOANE_00509	tr|A0A417V8V2|A0A417V8V2_9FIRM	97.4	351	9	0	1	351	1	351	3.1e-194	673.7	CM06_11_S6	gerAB
NKGBJBBD_02987	tr|A0A374ARF6|A0A374ARF6_9FIRM	100	352	0	0	1	352	1	352	2.8e-203	703.7	CM06_28_S240	gerAB
NKGBJBBD_02987	tr|A0A6N2WEJ3|A0A6N2WEJ3_9FIRM	99.7	352	1	0	1	352	1	352	1.1e-202	701.8	CM06_28_S240	gerAB
NKGBJBBD_02987	tr|B0MHA2|B0MHA2_ANACD	99.7	352	1	0	1	352	1	352	1.1e-202	701.8	CM06_28_S240	gerAB
PNMPHDDN_01514	tr|A0A415WE24|A0A415WE24_9FIRM	98.9	351	4	0	1	351	1	351	3.3e-196	680.2	CM06_29_S244	gerAB
PNMPHDDN_01514	tr|A0A417K2U7|A0A417K2U7_9FIRM	98.3	351	6	0	1	351	1	351	6.2e-195	676	CM06_29_S244	gerAB
PNMPHDDN_01514	tr|A0A417V8V2|A0A417V8V2_9FIRM	97.4	351	9	0	1	351	1	351	3.1e-194	673.7	CM06_29_S244	gerAB
MANNIIDF_02990	tr|A0A374ARF6|A0A374ARF6_9FIRM	100	352	0	0	1	352	1	352	2.8e-203	703.7	CM06_64_S241	gerAB
MANNIIDF_02990	tr|A0A6N2WEJ3|A0A6N2WEJ3_9FIRM	99.7	352	1	0	1	352	1	352	1.1e-202	701.8	CM06_64_S241	gerAB
MANNIIDF_02990	tr|B0MHA2|B0MHA2_ANACD	99.7	352	1	0	1	352	1	352	1.1e-202	701.8	CM06_64_S241	gerAB
ALJHPLOP_02193	tr|A0A417K2U7|A0A417K2U7_9FIRM	99.7	351	1	0	1	351	1	351	3.5e-198	686.8	CM07_26_S11	gerAB
ALJHPLOP_02193	tr|A0A1Q2C6A8|A0A1Q2C6A8_ANAHA	99.1	351	3	0	1	351	1	351	5.1e-197	682.9	CM07_26_S11	gerAB
ALJHPLOP_02193	tr|A0A415YHT4|A0A415YHT4_9FIRM	98.9	351	4	0	1	351	1	351	1.9e-196	681	CM07_26_S11	gerAB
KJDMGADN_02480	tr|A0A417K2U7|A0A417K2U7_9FIRM	99.7	351	1	0	1	351	1	351	3.5e-198	686.8	CM07_31_S12	gerAB
KJDMGADN_02480	tr|A0A1Q2C6A8|A0A1Q2C6A8_ANAHA	99.1	351	3	0	1	351	1	351	5.1e-197	682.9	CM07_31_S12	gerAB
KJDMGADN_02480	tr|A0A415YHT4|A0A415YHT4_9FIRM	98.9	351	4	0	1	351	1	351	1.9e-196	681	CM07_31_S12	gerAB
BDKDGGGP_02361	tr|A0A1Q2C6A8|A0A1Q2C6A8_ANAHA	99.7	351	1	0	1	351	1	351	4.6e-198	686.4	CM1_23_S50	gerAB
BDKDGGGP_02361	tr|A0A415YHT4|A0A415YHT4_9FIRM	99.4	351	2	0	1	351	1	351	1.7e-197	684.5	CM1_23_S50	gerAB
BDKDGGGP_02361	tr|D4MU93|D4MU93_ANAHA	99.1	351	3	0	1	351	1	351	3.9e-197	683.3	CM1_23_S50	gerAB
BDKDGGGP_02361	tr|A0A417K2U7|A0A417K2U7_9FIRM	99.1	351	3	0	1	351	1	351	1.1e-196	681.8	CM1_23_S50	gerAB
BDKDGGGP_02361	tr|A0A415WE24|A0A415WE24_9FIRM	99.1	351	3	0	1	351	1	351	1.9e-196	681	CM1_23_S50	gerAB
BDKDGGGP_02361	tr|E5VPQ5|E5VPQ5_9FIRM	98.9	351	4	0	1	351	1	351	3.3e-196	680.2	CM1_23_S50	gerAB
HOOBJGIH_02458	tr|A0A1Q2C6A8|A0A1Q2C6A8_ANAHA	99.7	351	1	0	1	351	1	351	4.6e-198	686.4	CM1_26_S52	gerAB
HOOBJGIH_02458	tr|A0A415YHT4|A0A415YHT4_9FIRM	99.4	351	2	0	1	351	1	351	1.7e-197	684.5	CM1_26_S52	gerAB
HOOBJGIH_02458	tr|D4MU93|D4MU93_ANAHA	99.1	351	3	0	1	351	1	351	3.9e-197	683.3	CM1_26_S52	gerAB
HOOBJGIH_02458	tr|A0A417K2U7|A0A417K2U7_9FIRM	99.1	351	3	0	1	351	1	351	1.1e-196	681.8	CM1_26_S52	gerAB
HOOBJGIH_02458	tr|A0A415WE24|A0A415WE24_9FIRM	99.1	351	3	0	1	351	1	351	1.9e-196	681	CM1_26_S52	gerAB
HOOBJGIH_02458	tr|E5VPQ5|E5VPQ5_9FIRM	98.9	351	4	0	1	351	1	351	3.3e-196	680.2	CM1_26_S52	gerAB
CIHFMDFN_00024	tr|D4MU93|D4MU93_ANAHA	100	351	0	0	1	351	1	351	2.1e-198	687.6	CM1_30_S215	gerAB
CIHFMDFN_00024	tr|A0A415YHT4|A0A415YHT4_9FIRM	99.7	351	1	0	1	351	1	351	4.6e-198	686.4	CM1_30_S215	gerAB
CIHFMDFN_00024	tr|E5VPQ5|E5VPQ5_9FIRM	99.7	351	1	0	1	351	1	351	1.7e-197	684.5	CM1_30_S215	gerAB
CIHFMDFN_00024	tr|A0A1Q2C6A8|A0A1Q2C6A8_ANAHA	98.9	351	4	0	1	351	1	351	1.5e-196	681.4	CM1_30_S215	gerAB
EBBEHFMM_02209	tr|A0A417K2U7|A0A417K2U7_9FIRM	99.7	351	1	0	1	351	1	351	3.5e-198	686.8	CM7_52_S47	gerAB
EBBEHFMM_02209	tr|A0A1Q2C6A8|A0A1Q2C6A8_ANAHA	99.1	351	3	0	1	351	1	351	5.1e-197	682.9	CM7_52_S47	gerAB
EBBEHFMM_02209	tr|A0A415YHT4|A0A415YHT4_9FIRM	98.9	351	4	0	1	351	1	351	1.9e-196	681	CM7_52_S47	gerAB
PDHBOMMH_02517	tr|A0A1Q2C6A8|A0A1Q2C6A8_ANAHA	99.7	351	1	0	1	351	1	351	4.6e-198	686.4	CM7_69_S49	gerAB
PDHBOMMH_02517	tr|A0A415YHT4|A0A415YHT4_9FIRM	99.4	351	2	0	1	351	1	351	1.7e-197	684.5	CM7_69_S49	gerAB
PDHBOMMH_02517	tr|D4MU93|D4MU93_ANAHA	99.1	351	3	0	1	351	1	351	3.9e-197	683.3	CM7_69_S49	gerAB
PDHBOMMH_02517	tr|A0A417K2U7|A0A417K2U7_9FIRM	99.1	351	3	0	1	351	1	351	1.1e-196	681.8	CM7_69_S49	gerAB
PDHBOMMH_02517	tr|A0A415WE24|A0A415WE24_9FIRM	99.1	351	3	0	1	351	1	351	1.9e-196	681	CM7_69_S49	gerAB
PDHBOMMH_02517	tr|E5VPQ5|E5VPQ5_9FIRM	98.9	351	4	0	1	351	1	351	3.3e-196	680.2	CM7_69_S49	gerAB
KJGPJFDD_02404	tr|D4MU93|D4MU93_ANAHA	100	351	0	0	1	351	1	351	2.1e-198	687.6	CM7_88B_S63	gerAB
KJGPJFDD_02404	tr|A0A415YHT4|A0A415YHT4_9FIRM	99.7	351	1	0	1	351	1	351	4.6e-198	686.4	CM7_88B_S63	gerAB
KJGPJFDD_02404	tr|E5VPQ5|E5VPQ5_9FIRM	99.7	351	1	0	1	351	1	351	1.7e-197	684.5	CM7_88B_S63	gerAB
KJGPJFDD_02404	tr|A0A1Q2C6A8|A0A1Q2C6A8_ANAHA	98.9	351	4	0	1	351	1	351	1.5e-196	681.4	CM7_88B_S63	gerAB
CKMKKBJN_02979	tr|A0A6N2WEJ3|A0A6N2WEJ3_9FIRM	95.2	352	17	0	1	352	1	352	1.7e-197	684.5	GCA_003434455.1_ASM343445v1_genomic	gerAB
CKMKKBJN_02979	tr|B0MHA2|B0MHA2_ANACD	95.2	352	17	0	1	352	1	352	1.7e-197	684.5	GCA_003434455.1_ASM343445v1_genomic	gerAB
CKMKKBJN_02979	tr|A0A374ARF6|A0A374ARF6_9FIRM	94.9	352	18	0	1	352	1	352	1.5e-196	681.4	GCA_003434455.1_ASM343445v1_genomic	gerAB
OEMKGLFL_02019	tr|A0A173YQZ8|A0A173YQZ8_ANAHA	100	351	0	0	1	351	1	351	3.5e-198	686.8	GCA_008679275.1_ASM867927v1_genomic	gerAB
OEMKGLFL_02019	tr|A0A415WE24|A0A415WE24_9FIRM	98.9	351	4	0	1	351	1	351	1.9e-196	681	GCA_008679275.1_ASM867927v1_genomic	gerAB
OEMKGLFL_02019	tr|A0A415YHT4|A0A415YHT4_9FIRM	99.1	351	3	0	1	351	1	351	2.5e-196	680.6	GCA_008679275.1_ASM867927v1_genomic	gerAB
GGHJLOIC_00566	tr|A0A415WE24|A0A415WE24_9FIRM	98.9	351	4	0	1	351	1	351	3.3e-196	680.2	GCA_008680515.1_ASM868051v1_genomic	gerAB
GGHJLOIC_00566	tr|A0A417K2U7|A0A417K2U7_9FIRM	98.3	351	6	0	1	351	1	351	6.2e-195	676	GCA_008680515.1_ASM868051v1_genomic	gerAB
GGHJLOIC_00566	tr|A0A417V8V2|A0A417V8V2_9FIRM	97.4	351	9	0	1	351	1	351	3.1e-194	673.7	GCA_008680515.1_ASM868051v1_genomic	gerAB
OHGBJBEB_00042	tr|A0A1Q2C6A8|A0A1Q2C6A8_ANAHA	99.7	351	1	0	1	351	1	351	4.6e-198	686.4	GCA_008680995.1_ASM868099v1_genomic	gerAB
OHGBJBEB_00042	tr|A0A415YHT4|A0A415YHT4_9FIRM	99.4	351	2	0	1	351	1	351	1.7e-197	684.5	GCA_008680995.1_ASM868099v1_genomic	gerAB
OHGBJBEB_00042	tr|D4MU93|D4MU93_ANAHA	99.1	351	3	0	1	351	1	351	3.9e-197	683.3	GCA_008680995.1_ASM868099v1_genomic	gerAB
OHGBJBEB_00042	tr|A0A417K2U7|A0A417K2U7_9FIRM	99.1	351	3	0	1	351	1	351	1.1e-196	681.8	GCA_008680995.1_ASM868099v1_genomic	gerAB
OHGBJBEB_00042	tr|A0A415WE24|A0A415WE24_9FIRM	99.1	351	3	0	1	351	1	351	1.9e-196	681	GCA_008680995.1_ASM868099v1_genomic	gerAB
OHGBJBEB_00042	tr|E5VPQ5|E5VPQ5_9FIRM	98.9	351	4	0	1	351	1	351	3.3e-196	680.2	GCA_008680995.1_ASM868099v1_genomic	gerAB
HKCIDIBD_00256	tr|A0A1Q2C6A8|A0A1Q2C6A8_ANAHA	99.4	351	2	0	1	351	1	351	1.3e-197	684.9	GCA_014866065.1_ASM1486606v1_genomic	gerAB
HKCIDIBD_00256	tr|A0A415YHT4|A0A415YHT4_9FIRM	99.1	351	3	0	1	351	1	351	5.1e-197	682.9	GCA_014866065.1_ASM1486606v1_genomic	gerAB
HKCIDIBD_00256	tr|D4MU93|D4MU93_ANAHA	98.9	351	4	0	1	351	1	351	1.1e-196	681.8	GCA_014866065.1_ASM1486606v1_genomic	gerAB
HKCIDIBD_00256	tr|A0A417K2U7|A0A417K2U7_9FIRM	98.9	351	4	0	1	351	1	351	3.3e-196	680.2	GCA_014866065.1_ASM1486606v1_genomic	gerAB
HKCIDIBD_00256	tr|A0A415WE24|A0A415WE24_9FIRM	98.9	351	4	0	1	351	1	351	5.6e-196	679.5	GCA_014866065.1_ASM1486606v1_genomic	gerAB
HKCIDIBD_00256	tr|E5VPQ5|E5VPQ5_9FIRM	98.6	351	5	0	1	351	1	351	9.6e-196	678.7	GCA_014866065.1_ASM1486606v1_genomic	gerAB
GOAADOEK_01385	tr|A0A415WE24|A0A415WE24_9FIRM	98.9	351	4	0	1	351	1	351	3e-197	683.7	GCA_017850655.1_ASM1785065v1_genomic	gerAB
CENOFNFD_02887	tr|A0A415YHT4|A0A415YHT4_9FIRM	99.7	351	1	0	1	351	1	351	3.5e-198	686.8	GCA_017851275.1_ASM1785127v1_genomic	gerAB
CENOFNFD_02887	tr|A0A1Q2C6A8|A0A1Q2C6A8_ANAHA	99.4	351	2	0	1	351	1	351	7.8e-198	685.6	GCA_017851275.1_ASM1785127v1_genomic	gerAB
CENOFNFD_02887	tr|D4MU93|D4MU93_ANAHA	99.4	351	2	0	1	351	1	351	7.8e-198	685.6	GCA_017851275.1_ASM1785127v1_genomic	gerAB
CENOFNFD_02887	tr|A0A417K2U7|A0A417K2U7_9FIRM	99.4	351	2	0	1	351	1	351	2.3e-197	684.1	GCA_017851275.1_ASM1785127v1_genomic	gerAB
CENOFNFD_02887	tr|A0A415WE24|A0A415WE24_9FIRM	99.4	351	2	0	1	351	1	351	3.9e-197	683.3	GCA_017851275.1_ASM1785127v1_genomic	gerAB
CENOFNFD_02887	tr|E5VPQ5|E5VPQ5_9FIRM	99.1	351	3	0	1	351	1	351	6.6e-197	682.6	GCA_017851275.1_ASM1785127v1_genomic	gerAB
JBEMAFEM_01515	tr|A0A916Q8L9|A0A916Q8L9_9FIRM	100	352	0	0	1	352	1	352	5.8e-201	696	GCA_017888015.1_ASM1788801v1_genomic	gerAB
BMGMBDAD_00670	tr|A0A6N2WEJ3|A0A6N2WEJ3_9FIRM	95.7	352	15	0	1	352	1	352	2.1e-198	687.6	GCA_018364275.1_ASM1836427v1_genomic	gerAB
BMGMBDAD_00670	tr|B0MHA2|B0MHA2_ANACD	95.7	352	15	0	1	352	1	352	2.1e-198	687.6	GCA_018364275.1_ASM1836427v1_genomic	gerAB
BMGMBDAD_00670	tr|A0A374ARF6|A0A374ARF6_9FIRM	95.5	352	16	0	1	352	1	352	1.7e-197	684.5	GCA_018364275.1_ASM1836427v1_genomic	gerAB
COHCHOOG_02431	tr|A0A417K2U7|A0A417K2U7_9FIRM	100	351	0	0	1	351	1	351	9.2e-199	688.7	GCA_018365775.1_ASM1836577v1_genomic	gerAB
COHCHOOG_02431	tr|A0A415YHT4|A0A415YHT4_9FIRM	99.1	351	3	0	1	351	1	351	5.1e-197	682.9	GCA_018365775.1_ASM1836577v1_genomic	gerAB
OHEALFFL_03161	tr|A0A374ARF6|A0A374ARF6_9FIRM	100	352	0	0	1	352	1	352	2.8e-203	703.7	GCA_018375095.1_ASM1837509v1_genomic	gerAB
OHEALFFL_03161	tr|A0A6N2WEJ3|A0A6N2WEJ3_9FIRM	99.7	352	1	0	1	352	1	352	1.1e-202	701.8	GCA_018375095.1_ASM1837509v1_genomic	gerAB
OHEALFFL_03161	tr|B0MHA2|B0MHA2_ANACD	99.7	352	1	0	1	352	1	352	1.1e-202	701.8	GCA_018375095.1_ASM1837509v1_genomic	gerAB
CGPEJKEM_03093	tr|A0A4P8IG69|A0A4P8IG69_9FIRM	90.6	351	33	0	1	351	1	351	7.6e-185	642.5	GCA_018381315.1_ASM1838131v1_genomic	gerAB
PHOGJLGL_00195	tr|A0A9D1WV43|A0A9D1WV43_9FIRM	100	352	0	0	1	352	1	352	5.1e-197	682.9	GCA_019114985.1_ASM1911498v1_genomic	gerAB
GMFGONPC_00689	tr|A0A9D2T8V4|A0A9D2T8V4_9FIRM	100	351	0	0	1	351	1	351	3.5e-198	686.8	GCA_019119895.1_ASM1911989v1_genomic	gerAB
KFGAIAHJ_02600	tr|A0A1C6F5D8|A0A1C6F5D8_9FIRM	100	351	0	0	1	351	1	351	7.1e-199	689.1	GCA_900066705.1_14207_7_32_genomic	gerAB
NGLOOAMH_01008	tr|A0A9D1WV43|A0A9D1WV43_9FIRM	100	352	0	0	1	352	1	352	5.1e-197	682.9	GCA_904419485.1_Chicken_16_mag_180_genomic	gerAB
JCLDBKBJ_02084	tr|A0A916Q8L9|A0A916Q8L9_9FIRM	99.4	352	2	0	1	352	1	352	2.2e-200	694.1	GCA_904419565.1_Chicken_21_mag_8_genomic	gerAB
AELLMANC_00072	tr|A0A6N2WEJ3|A0A6N2WEJ3_9FIRM	99.4	352	2	0	1	352	1	352	3.6e-203	703.4	GCA_905199235.1_SRR2912801-mag-bin.12_genomic	gerAB
AELLMANC_00072	tr|B0MHA2|B0MHA2_ANACD	99.4	352	2	0	1	352	1	352	3.6e-203	703.4	GCA_905199235.1_SRR2912801-mag-bin.12_genomic	gerAB
AELLMANC_00072	tr|A0A374ARF6|A0A374ARF6_9FIRM	99.1	352	3	0	1	352	1	352	3.1e-202	700.3	GCA_905199235.1_SRR2912801-mag-bin.12_genomic	gerAB
GBIGEHMO_01911	tr|A0A374AFN3|A0A374AFN3_9FIRM	99.4	351	2	0	1	351	1	351	5.1e-197	682.9	GCA_905206325.1_ERR1600569-mag-bin.31_genomic	gerAB
BOMDPHAE_01010	tr|A0A6N2WEJ3|A0A6N2WEJ3_9FIRM	95.7	352	15	0	1	352	1	352	2.1e-198	687.6	GCA_910574135.1_MGBC000029_genomic	gerAB
BOMDPHAE_01010	tr|B0MHA2|B0MHA2_ANACD	95.7	352	15	0	1	352	1	352	2.1e-198	687.6	GCA_910574135.1_MGBC000029_genomic	gerAB
BOMDPHAE_01010	tr|A0A374ARF6|A0A374ARF6_9FIRM	95.5	352	16	0	1	352	1	352	1.7e-197	684.5	GCA_910574135.1_MGBC000029_genomic	gerAB
PEOBIMBK_00813	tr|A0A6N2WEJ3|A0A6N2WEJ3_9FIRM	95.7	352	15	0	1	352	1	352	2.1e-198	687.6	GCA_910574775.1_MGBC000097_genomic	gerAB
PEOBIMBK_00813	tr|B0MHA2|B0MHA2_ANACD	95.7	352	15	0	1	352	1	352	2.1e-198	687.6	GCA_910574775.1_MGBC000097_genomic	gerAB
PEOBIMBK_00813	tr|A0A374ARF6|A0A374ARF6_9FIRM	95.5	352	16	0	1	352	1	352	1.7e-197	684.5	GCA_910574775.1_MGBC000097_genomic	gerAB
OLPJKGML_00734	tr|A0A6N2WEJ3|A0A6N2WEJ3_9FIRM	95.7	352	15	0	1	352	1	352	2.1e-198	687.6	GCA_910574945.1_MGBC000090_genomic	gerAB
OLPJKGML_00734	tr|B0MHA2|B0MHA2_ANACD	95.7	352	15	0	1	352	1	352	2.1e-198	687.6	GCA_910574945.1_MGBC000090_genomic	gerAB
OLPJKGML_00734	tr|A0A374ARF6|A0A374ARF6_9FIRM	95.5	352	16	0	1	352	1	352	1.7e-197	684.5	GCA_910574945.1_MGBC000090_genomic	gerAB
HHFKICIG_01029	tr|A0A6N2WEJ3|A0A6N2WEJ3_9FIRM	95.7	352	15	0	1	352	1	352	2.1e-198	687.6	GCA_910575065.1_MGBC000096_genomic	gerAB
HHFKICIG_01029	tr|B0MHA2|B0MHA2_ANACD	95.7	352	15	0	1	352	1	352	2.1e-198	687.6	GCA_910575065.1_MGBC000096_genomic	gerAB
HHFKICIG_01029	tr|A0A374ARF6|A0A374ARF6_9FIRM	95.5	352	16	0	1	352	1	352	1.7e-197	684.5	GCA_910575065.1_MGBC000096_genomic	gerAB
HCONJCLK_01030	tr|A0A6N2WEJ3|A0A6N2WEJ3_9FIRM	95.7	352	15	0	1	352	1	352	2.1e-198	687.6	GCA_910575135.1_MGBC000098_genomic	gerAB
HCONJCLK_01030	tr|B0MHA2|B0MHA2_ANACD	95.7	352	15	0	1	352	1	352	2.1e-198	687.6	GCA_910575135.1_MGBC000098_genomic	gerAB
HCONJCLK_01030	tr|A0A374ARF6|A0A374ARF6_9FIRM	95.5	352	16	0	1	352	1	352	1.7e-197	684.5	GCA_910575135.1_MGBC000098_genomic	gerAB
CCPHMFGG_00546	tr|A0A6N2WEJ3|A0A6N2WEJ3_9FIRM	100	352	0	0	1	352	1	352	7.3e-204	705.7	GCF_000154305.1_ASM15430v1_genomic	gerAB
CCPHMFGG_00546	tr|B0MHA2|B0MHA2_ANACD	100	352	0	0	1	352	1	352	7.3e-204	705.7	GCF_000154305.1_ASM15430v1_genomic	gerAB
CCPHMFGG_00546	tr|A0A374ARF6|A0A374ARF6_9FIRM	99.7	352	1	0	1	352	1	352	6.2e-203	702.6	GCF_000154305.1_ASM15430v1_genomic	gerAB
ADFGDNLJ_00029	tr|D4MU93|D4MU93_ANAHA	100	351	0	0	1	351	1	351	2.1e-198	687.6	GCF_000154545.1_ASM15454v1_genomic	gerAB
ADFGDNLJ_00029	tr|A0A415YHT4|A0A415YHT4_9FIRM	99.7	351	1	0	1	351	1	351	4.6e-198	686.4	GCF_000154545.1_ASM15454v1_genomic	gerAB
ADFGDNLJ_00029	tr|E5VPQ5|E5VPQ5_9FIRM	99.7	351	1	0	1	351	1	351	1.7e-197	684.5	GCF_000154545.1_ASM15454v1_genomic	gerAB
ADFGDNLJ_00029	tr|A0A1Q2C6A8|A0A1Q2C6A8_ANAHA	98.9	351	4	0	1	351	1	351	1.5e-196	681.4	GCF_000154545.1_ASM15454v1_genomic	gerAB
GBMCNOMD_03107	tr|E5VPQ5|E5VPQ5_9FIRM	100	351	0	0	1	351	1	351	4.6e-198	686.4	GCF_000185525.1_ASM18552v1_genomic	gerAB
GBMCNOMD_03107	tr|D4MU93|D4MU93_ANAHA	99.7	351	1	0	1	351	1	351	1.7e-197	684.5	GCF_000185525.1_ASM18552v1_genomic	gerAB
GBMCNOMD_03107	tr|A0A415YHT4|A0A415YHT4_9FIRM	99.4	351	2	0	1	351	1	351	3.9e-197	683.3	GCF_000185525.1_ASM18552v1_genomic	gerAB
INJFBHEB_02057	tr|A0A374ARF6|A0A374ARF6_9FIRM	100	352	0	0	1	352	1	352	2.8e-203	703.7	GCF_000185825.1_ASM18582v1_genomic	gerAB
INJFBHEB_02057	tr|A0A6N2WEJ3|A0A6N2WEJ3_9FIRM	99.7	352	1	0	1	352	1	352	1.1e-202	701.8	GCF_000185825.1_ASM18582v1_genomic	gerAB
INJFBHEB_02057	tr|B0MHA2|B0MHA2_ANACD	99.7	352	1	0	1	352	1	352	1.1e-202	701.8	GCF_000185825.1_ASM18582v1_genomic	gerAB
DLMLEDEJ_02025	tr|D4MU93|D4MU93_ANAHA	100	351	0	0	1	351	1	351	2.1e-198	687.6	GCF_000210695.1_ASM21069v1_genomic	gerAB
DLMLEDEJ_02025	tr|A0A415YHT4|A0A415YHT4_9FIRM	99.7	351	1	0	1	351	1	351	4.6e-198	686.4	GCF_000210695.1_ASM21069v1_genomic	gerAB
DLMLEDEJ_02025	tr|E5VPQ5|E5VPQ5_9FIRM	99.7	351	1	0	1	351	1	351	1.7e-197	684.5	GCF_000210695.1_ASM21069v1_genomic	gerAB
DLMLEDEJ_02025	tr|A0A1Q2C6A8|A0A1Q2C6A8_ANAHA	98.9	351	4	0	1	351	1	351	1.5e-196	681.4	GCF_000210695.1_ASM21069v1_genomic	gerAB
NAGOKMPI_01715	tr|A0A417K2U7|A0A417K2U7_9FIRM	100	351	0	0	1	351	1	351	9.2e-199	688.7	GCF_000332875.2_ASM33287v2_genomic	gerAB
NAGOKMPI_01715	tr|A0A415YHT4|A0A415YHT4_9FIRM	99.1	351	3	0	1	351	1	351	5.1e-197	682.9	GCF_000332875.2_ASM33287v2_genomic	gerAB
LLKGOANK_01989	tr|A0A374ARF6|A0A374ARF6_9FIRM	100	352	0	0	1	352	1	352	2.8e-203	703.7	GCF_000432215.1_MGS276_genomic	gerAB
LLKGOANK_01989	tr|A0A6N2WEJ3|A0A6N2WEJ3_9FIRM	99.7	352	1	0	1	352	1	352	1.1e-202	701.8	GCF_000432215.1_MGS276_genomic	gerAB
LLKGOANK_01989	tr|B0MHA2|B0MHA2_ANACD	99.7	352	1	0	1	352	1	352	1.1e-202	701.8	GCF_000432215.1_MGS276_genomic	gerAB
HLBILBHM_00414	tr|A0A6N2WEJ3|A0A6N2WEJ3_9FIRM	95.7	352	15	0	1	352	1	352	2.1e-198	687.6	GCF_000508985.1_ASM50898v1_genomic	gerAB
HLBILBHM_00414	tr|B0MHA2|B0MHA2_ANACD	95.7	352	15	0	1	352	1	352	2.1e-198	687.6	GCF_000508985.1_ASM50898v1_genomic	gerAB
HLBILBHM_00414	tr|A0A374ARF6|A0A374ARF6_9FIRM	95.5	352	16	0	1	352	1	352	1.7e-197	684.5	GCF_000508985.1_ASM50898v1_genomic	gerAB
HCABBDHA_02523	tr|A0A1Q2C6A8|A0A1Q2C6A8_ANAHA	99.1	351	3	0	1	351	1	351	3e-197	683.7	GCF_000876135.1_ASM87613v1_genomic	gerAB
HCABBDHA_02523	tr|A0A415YHT4|A0A415YHT4_9FIRM	98.9	351	4	0	1	351	1	351	1.1e-196	681.8	GCF_000876135.1_ASM87613v1_genomic	gerAB
HCABBDHA_02523	tr|A0AAQ3PXF1|A0AAQ3PXF1_ANAHA	98.6	351	5	0	1	351	1	351	2.5e-196	680.6	GCF_000876135.1_ASM87613v1_genomic	gerAB
HCABBDHA_02523	tr|D4MU93|D4MU93_ANAHA	98.6	351	5	0	1	351	1	351	2.5e-196	680.6	GCF_000876135.1_ASM87613v1_genomic	gerAB
HCABBDHA_02523	tr|A0A417K2U7|A0A417K2U7_9FIRM	98.6	351	5	0	1	351	1	351	7.3e-196	679.1	GCF_000876135.1_ASM87613v1_genomic	gerAB
HCABBDHA_02523	tr|A0A415WE24|A0A415WE24_9FIRM	98.6	351	5	0	1	351	1	351	1.2e-195	678.3	GCF_000876135.1_ASM87613v1_genomic	gerAB
HCABBDHA_02523	tr|E5VPQ5|E5VPQ5_9FIRM	98.3	351	6	0	1	351	1	351	2.1e-195	677.6	GCF_000876135.1_ASM87613v1_genomic	gerAB
LLAFECMD_03720	tr|A0A6N2WEJ3|A0A6N2WEJ3_9FIRM	100	123	0	0	1	123	230	352	3.7e-70	260	GCF_001304975.1_ASM130497v1_genomic	gerAB
LLAFECMD_03720	tr|B0MHA2|B0MHA2_ANACD	100	123	0	0	1	123	230	352	3.7e-70	260	GCF_001304975.1_ASM130497v1_genomic	gerAB
LLAFECMD_03721	tr|A0A374ARF6|A0A374ARF6_9FIRM	97.5	121	3	0	1	121	109	229	3e-64	240.4	GCF_001304975.1_ASM130497v1_genomic	gerAB
LLAFECMD_03721	tr|A0A6N2WEJ3|A0A6N2WEJ3_9FIRM	97.5	121	3	0	1	121	109	229	3e-64	240.4	GCF_001304975.1_ASM130497v1_genomic	gerAB
LLAFECMD_03721	tr|B0MHA2|B0MHA2_ANACD	97.5	121	3	0	1	121	109	229	3e-64	240.4	GCF_001304975.1_ASM130497v1_genomic	gerAB
LLAFECMD_03722	tr|A0A374ARF6|A0A374ARF6_9FIRM	98.9	93	1	0	1	93	1	93	2.7e-48	187.2	GCF_001304975.1_ASM130497v1_genomic	gerAB
LLAFECMD_03722	tr|A0A6N2WEJ3|A0A6N2WEJ3_9FIRM	98.9	93	1	0	1	93	1	93	2.7e-48	187.2	GCF_001304975.1_ASM130497v1_genomic	gerAB
LLAFECMD_03722	tr|B0MHA2|B0MHA2_ANACD	98.9	93	1	0	1	93	1	93	2.7e-48	187.2	GCF_001304975.1_ASM130497v1_genomic	gerAB
IPCBICDJ_02845	tr|A0A173YQZ8|A0A173YQZ8_ANAHA	100	351	0	0	1	351	1	351	3.5e-198	686.8	GCF_001404835.1_14207_7_31_genomic	gerAB
IPCBICDJ_02845	tr|A0A415WE24|A0A415WE24_9FIRM	98.9	351	4	0	1	351	1	351	1.9e-196	681	GCF_001404835.1_14207_7_31_genomic	gerAB
IPCBICDJ_02845	tr|A0A415YHT4|A0A415YHT4_9FIRM	99.1	351	3	0	1	351	1	351	2.5e-196	680.6	GCF_001404835.1_14207_7_31_genomic	gerAB
PCLFALEG_00523	tr|A0A173YQZ8|A0A173YQZ8_ANAHA	100	351	0	0	1	351	1	351	3.5e-198	686.8	GCF_001404955.1_13470_2_79_genomic	gerAB
PCLFALEG_00523	tr|A0A415WE24|A0A415WE24_9FIRM	98.9	351	4	0	1	351	1	351	1.9e-196	681	GCF_001404955.1_13470_2_79_genomic	gerAB
PCLFALEG_00523	tr|A0A415YHT4|A0A415YHT4_9FIRM	99.1	351	3	0	1	351	1	351	2.5e-196	680.6	GCF_001404955.1_13470_2_79_genomic	gerAB
HAHNOBOP_00962	tr|D4MU93|D4MU93_ANAHA	100	351	0	0	1	351	1	351	2.1e-198	687.6	GCF_001405635.1_14207_7_82_genomic	gerAB
HAHNOBOP_00962	tr|A0A415YHT4|A0A415YHT4_9FIRM	99.7	351	1	0	1	351	1	351	4.6e-198	686.4	GCF_001405635.1_14207_7_82_genomic	gerAB
HAHNOBOP_00962	tr|E5VPQ5|E5VPQ5_9FIRM	99.7	351	1	0	1	351	1	351	1.7e-197	684.5	GCF_001405635.1_14207_7_82_genomic	gerAB
HAHNOBOP_00962	tr|A0A1Q2C6A8|A0A1Q2C6A8_ANAHA	98.9	351	4	0	1	351	1	351	1.5e-196	681.4	GCF_001405635.1_14207_7_82_genomic	gerAB
IEJMHOJM_02006	tr|A0A173TIL8|A0A173TIL8_ANAHA	100	215	0	0	1	215	1	215	7.3e-122	432.6	GCF_001405715.1_13414_6_52_genomic	gerAB
IEJMHOJM_02006	tr|A0A415YHT4|A0A415YHT4_9FIRM	99.5	215	1	0	1	215	137	351	9.6e-122	432.2	GCF_001405715.1_13414_6_52_genomic	gerAB
IEJMHOJM_02006	tr|A0A417K2U7|A0A417K2U7_9FIRM	99.5	215	1	0	1	215	137	351	9.6e-122	432.2	GCF_001405715.1_13414_6_52_genomic	gerAB
IEJMHOJM_02006	tr|D4MU93|D4MU93_ANAHA	99.1	215	2	0	1	215	137	351	2.1e-121	431	GCF_001405715.1_13414_6_52_genomic	gerAB
IEJMHOJM_02006	tr|A0A1Q2C6A8|A0A1Q2C6A8_ANAHA	99.1	215	2	0	1	215	137	351	2.8e-121	430.6	GCF_001405715.1_13414_6_52_genomic	gerAB
IEJMHOJM_02007	tr|A0A415WE24|A0A415WE24_9FIRM	83.6	116	19	0	1	116	1	116	9.2e-45	175.6	GCF_001405715.1_13414_6_52_genomic	gerAB
IEJMHOJM_02007	tr|A0A417K2U7|A0A417K2U7_9FIRM	83.6	116	19	0	1	116	1	116	1.2e-44	175.3	GCF_001405715.1_13414_6_52_genomic	gerAB
IEJMHOJM_02007	tr|A0A417V8V2|A0A417V8V2_9FIRM	83.6	116	19	0	1	116	1	116	1.2e-44	175.3	GCF_001405715.1_13414_6_52_genomic	gerAB
IEJMHOJM_02007	tr|A0A173YQZ8|A0A173YQZ8_ANAHA	83.3	120	13	2	1	120	1	113	2.7e-44	174.1	GCF_001405715.1_13414_6_52_genomic	gerAB
IEJMHOJM_02007	tr|A0A415YHT4|A0A415YHT4_9FIRM	83.3	120	13	2	1	120	1	113	2.7e-44	174.1	GCF_001405715.1_13414_6_52_genomic	gerAB
IEJMHOJM_02007	tr|D4MU93|D4MU93_ANAHA	83.3	120	13	2	1	120	1	113	2.7e-44	174.1	GCF_001405715.1_13414_6_52_genomic	gerAB
IEJMHOJM_02007	tr|E5VPQ5|E5VPQ5_9FIRM	83.3	120	13	2	1	120	1	113	2.7e-44	174.1	GCF_001405715.1_13414_6_52_genomic	gerAB
EHNAPLNG_01306	tr|A0A1Q2C6A8|A0A1Q2C6A8_ANAHA	100	351	0	0	1	351	1	351	9.2e-199	688.7	GCF_001998765.1_ASM199876v1_genomic	gerAB
EHNAPLNG_01306	tr|A0A415YHT4|A0A415YHT4_9FIRM	99.1	351	3	0	1	351	1	351	3.9e-197	683.3	GCF_001998765.1_ASM199876v1_genomic	gerAB
EHNAPLNG_01306	tr|D4MU93|D4MU93_ANAHA	98.9	351	4	0	1	351	1	351	8.7e-197	682.2	GCF_001998765.1_ASM199876v1_genomic	gerAB
DBAKHCIC_00533	tr|A0A6N2WEJ3|A0A6N2WEJ3_9FIRM	95.7	352	15	0	1	352	1	352	2.1e-198	687.6	GCF_002270485.1_ASM227048v1_genomic	gerAB
DBAKHCIC_00533	tr|B0MHA2|B0MHA2_ANACD	95.7	352	15	0	1	352	1	352	2.1e-198	687.6	GCF_002270485.1_ASM227048v1_genomic	gerAB
DBAKHCIC_00533	tr|A0A374ARF6|A0A374ARF6_9FIRM	95.5	352	16	0	1	352	1	352	1.7e-197	684.5	GCF_002270485.1_ASM227048v1_genomic	gerAB
CPPLKMCL_01339	tr|A0A374AFN3|A0A374AFN3_9FIRM	100	351	0	0	1	351	1	351	4.6e-198	686.4	GCF_003461705.1_ASM346170v1_genomic	gerAB
IJGKDCGE_01936	tr|A0A374ARF6|A0A374ARF6_9FIRM	100	352	0	0	1	352	1	352	2.8e-203	703.7	GCF_003461725.1_ASM346172v1_genomic	gerAB
IJGKDCGE_01936	tr|A0A6N2WEJ3|A0A6N2WEJ3_9FIRM	99.7	352	1	0	1	352	1	352	1.1e-202	701.8	GCF_003461725.1_ASM346172v1_genomic	gerAB
IJGKDCGE_01936	tr|B0MHA2|B0MHA2_ANACD	99.7	352	1	0	1	352	1	352	1.1e-202	701.8	GCF_003461725.1_ASM346172v1_genomic	gerAB
KIKGGPNJ_00127	tr|A0A417V8V2|A0A417V8V2_9FIRM	100	351	0	0	1	351	1	351	1.6e-198	688	GCF_003473625.1_ASM347362v1_genomic	gerAB
IKIFGNDM_00069	tr|A0A415WE24|A0A415WE24_9FIRM	100	351	0	0	1	351	1	351	1.2e-198	688.3	GCF_003473725.1_ASM347372v1_genomic	gerAB
OAFBMJDC_02596	tr|A0A415YHT4|A0A415YHT4_9FIRM	100	351	0	0	1	351	1	351	2.1e-198	687.6	GCF_003477415.1_ASM347741v1_genomic	gerAB
OAFBMJDC_02596	tr|D4MU93|D4MU93_ANAHA	99.7	351	1	0	1	351	1	351	4.6e-198	686.4	GCF_003477415.1_ASM347741v1_genomic	gerAB
OAFBMJDC_02596	tr|E5VPQ5|E5VPQ5_9FIRM	99.4	351	2	0	1	351	1	351	3.9e-197	683.3	GCF_003477415.1_ASM347741v1_genomic	gerAB
OAFBMJDC_02596	tr|A0A1Q2C6A8|A0A1Q2C6A8_ANAHA	99.1	351	3	0	1	351	1	351	6.6e-197	682.6	GCF_003477415.1_ASM347741v1_genomic	gerAB
OAFBMJDC_02596	tr|A0A417K2U7|A0A417K2U7_9FIRM	99.1	351	3	0	1	351	1	351	1.9e-196	681	GCF_003477415.1_ASM347741v1_genomic	gerAB
MCKGPBFA_00991	tr|A0A417K2U7|A0A417K2U7_9FIRM	100	351	0	0	1	351	1	351	9.2e-199	688.7	GCF_003480775.1_ASM348077v1_genomic	gerAB
MCKGPBFA_00991	tr|A0A415YHT4|A0A415YHT4_9FIRM	99.1	351	3	0	1	351	1	351	5.1e-197	682.9	GCF_003480775.1_ASM348077v1_genomic	gerAB
KJNMABBL_00084	tr|A0A417V8V2|A0A417V8V2_9FIRM	100	351	0	0	1	351	1	351	1.6e-198	688	GCF_003480825.1_ASM348082v1_genomic	gerAB
NBKPIGMC_00115	tr|A0A417V8V2|A0A417V8V2_9FIRM	100	351	0	0	1	351	1	351	1.6e-198	688	GCF_003481105.1_ASM348110v1_genomic	gerAB
LNILJCCL_00120	tr|A0A417V8V2|A0A417V8V2_9FIRM	100	351	0	0	1	351	1	351	1.6e-198	688	GCF_003481805.1_ASM348180v1_genomic	gerAB
PFDPBJPF_03475	tr|A0A4P8IG69|A0A4P8IG69_9FIRM	100	352	0	0	1	352	1	352	1.3e-203	704.9	GCF_005280655.1_ASM528065v1_genomic	gerAB
AMDOHACK_00164	tr|A0A415WE24|A0A415WE24_9FIRM	98.9	351	4	0	1	351	1	351	3.3e-196	680.2	GCF_008416325.1_ASM841632v1_genomic	gerAB
AMDOHACK_00164	tr|A0A417K2U7|A0A417K2U7_9FIRM	98.3	351	6	0	1	351	1	351	6.2e-195	676	GCF_008416325.1_ASM841632v1_genomic	gerAB
AMDOHACK_00164	tr|A0A417V8V2|A0A417V8V2_9FIRM	97.4	351	9	0	1	351	1	351	3.1e-194	673.7	GCF_008416325.1_ASM841632v1_genomic	gerAB
EGFDKNMG_01367	tr|A0A1Q2C6A8|A0A1Q2C6A8_ANAHA	99.4	351	2	0	1	351	1	351	1e-197	685.3	GCF_013302355.1_ASM1330235v1_genomic	gerAB
EGFDKNMG_01367	tr|A0A415YHT4|A0A415YHT4_9FIRM	99.1	351	3	0	1	351	1	351	3.9e-197	683.3	GCF_013302355.1_ASM1330235v1_genomic	gerAB
EGFDKNMG_01367	tr|D4MU93|D4MU93_ANAHA	98.9	351	4	0	1	351	1	351	8.7e-197	682.2	GCF_013302355.1_ASM1330235v1_genomic	gerAB
EGFDKNMG_01367	tr|A0A417K2U7|A0A417K2U7_9FIRM	98.9	351	4	0	1	351	1	351	2.5e-196	680.6	GCF_013302355.1_ASM1330235v1_genomic	gerAB
EGFDKNMG_01367	tr|A0A415WE24|A0A415WE24_9FIRM	98.9	351	4	0	1	351	1	351	4.3e-196	679.9	GCF_013302355.1_ASM1330235v1_genomic	gerAB
EGFDKNMG_01367	tr|E5VPQ5|E5VPQ5_9FIRM	98.6	351	5	0	1	351	1	351	7.3e-196	679.1	GCF_013302355.1_ASM1330235v1_genomic	gerAB
HLIEKABP_01221	tr|A0A1Q2C6A8|A0A1Q2C6A8_ANAHA	99.4	351	2	0	1	351	1	351	1e-197	685.3	GCF_013302445.1_ASM1330244v1_genomic	gerAB
HLIEKABP_01221	tr|A0A415YHT4|A0A415YHT4_9FIRM	99.1	351	3	0	1	351	1	351	3.9e-197	683.3	GCF_013302445.1_ASM1330244v1_genomic	gerAB
HLIEKABP_01221	tr|D4MU93|D4MU93_ANAHA	98.9	351	4	0	1	351	1	351	8.7e-197	682.2	GCF_013302445.1_ASM1330244v1_genomic	gerAB
HLIEKABP_01221	tr|A0A417K2U7|A0A417K2U7_9FIRM	98.9	351	4	0	1	351	1	351	2.5e-196	680.6	GCF_013302445.1_ASM1330244v1_genomic	gerAB
HLIEKABP_01221	tr|A0A415WE24|A0A415WE24_9FIRM	98.9	351	4	0	1	351	1	351	4.3e-196	679.9	GCF_013302445.1_ASM1330244v1_genomic	gerAB
HLIEKABP_01221	tr|E5VPQ5|E5VPQ5_9FIRM	98.6	351	5	0	1	351	1	351	7.3e-196	679.1	GCF_013302445.1_ASM1330244v1_genomic	gerAB
JONNAMEE_03221	tr|A0A173YQZ8|A0A173YQZ8_ANAHA	98.9	351	4	0	1	351	1	351	5.6e-196	679.5	GCF_013302455.1_ASM1330245v1_genomic	gerAB
JONNAMEE_03221	tr|A0A415WE24|A0A415WE24_9FIRM	98.3	351	6	0	1	351	1	351	2.1e-195	677.6	GCF_013302455.1_ASM1330245v1_genomic	gerAB
JONNAMEE_03221	tr|A0A417V8V2|A0A417V8V2_9FIRM	98	351	7	0	1	351	1	351	2.4e-194	674.1	GCF_013302455.1_ASM1330245v1_genomic	gerAB
JONNAMEE_03221	tr|A0A415YHT4|A0A415YHT4_9FIRM	98	351	7	0	1	351	1	351	4e-194	673.3	GCF_013302455.1_ASM1330245v1_genomic	gerAB
EMIBJJME_00146	tr|A0A1Q2C6A8|A0A1Q2C6A8_ANAHA	100	351	0	0	1	351	1	351	9.2e-199	688.7	GCF_013302465.1_ASM1330246v1_genomic	gerAB
EMIBJJME_00146	tr|A0A415YHT4|A0A415YHT4_9FIRM	99.1	351	3	0	1	351	1	351	3.9e-197	683.3	GCF_013302465.1_ASM1330246v1_genomic	gerAB
EMIBJJME_00146	tr|D4MU93|D4MU93_ANAHA	98.9	351	4	0	1	351	1	351	8.7e-197	682.2	GCF_013302465.1_ASM1330246v1_genomic	gerAB
OPNJLELE_01642	tr|A0A415YHT4|A0A415YHT4_9FIRM	99.4	351	2	0	1	351	1	351	1e-197	685.3	GCF_013302475.1_ASM1330247v1_genomic	gerAB
OPNJLELE_01642	tr|A0A1Q2C6A8|A0A1Q2C6A8_ANAHA	99.1	351	3	0	1	351	1	351	2.3e-197	684.1	GCF_013302475.1_ASM1330247v1_genomic	gerAB
OPNJLELE_01642	tr|D4MU93|D4MU93_ANAHA	99.1	351	3	0	1	351	1	351	2.3e-197	684.1	GCF_013302475.1_ASM1330247v1_genomic	gerAB
OPNJLELE_01642	tr|A0A417K2U7|A0A417K2U7_9FIRM	99.1	351	3	0	1	351	1	351	6.6e-197	682.6	GCF_013302475.1_ASM1330247v1_genomic	gerAB
OPNJLELE_01642	tr|A0A415WE24|A0A415WE24_9FIRM	99.1	351	3	0	1	351	1	351	1.1e-196	681.8	GCF_013302475.1_ASM1330247v1_genomic	gerAB
OPNJLELE_01642	tr|E5VPQ5|E5VPQ5_9FIRM	98.9	351	4	0	1	351	1	351	1.9e-196	681	GCF_013302475.1_ASM1330247v1_genomic	gerAB
HFIKEABA_02807	tr|A0A415YHT4|A0A415YHT4_9FIRM	100	215	0	0	1	215	137	351	7.3e-122	432.6	GCF_013302525.1_ASM1330252v1_genomic	gerAB
HFIKEABA_02807	tr|A0A417K2U7|A0A417K2U7_9FIRM	100	215	0	0	1	215	137	351	7.3e-122	432.6	GCF_013302525.1_ASM1330252v1_genomic	gerAB
HFIKEABA_02807	tr|A0A173TIL8|A0A173TIL8_ANAHA	99.5	215	1	0	1	215	1	215	9.6e-122	432.2	GCF_013302525.1_ASM1330252v1_genomic	gerAB
HFIKEABA_02807	tr|D4MU93|D4MU93_ANAHA	99.5	215	1	0	1	215	137	351	1.6e-121	431.4	GCF_013302525.1_ASM1330252v1_genomic	gerAB
HFIKEABA_02807	tr|A0A1Q2C6A8|A0A1Q2C6A8_ANAHA	99.5	215	1	0	1	215	137	351	2.1e-121	431	GCF_013302525.1_ASM1330252v1_genomic	gerAB
HFIKEABA_02807	tr|E5VPQ5|E5VPQ5_9FIRM	99.1	215	2	0	1	215	137	351	1.4e-120	428.3	GCF_013302525.1_ASM1330252v1_genomic	gerAB
EKLJFINO_03351	tr|A0A173YQZ8|A0A173YQZ8_ANAHA	98.9	351	4	0	1	351	1	351	5.6e-196	679.5	GCF_013302545.1_ASM1330254v1_genomic	gerAB
EKLJFINO_03351	tr|A0A415WE24|A0A415WE24_9FIRM	98.3	351	6	0	1	351	1	351	2.1e-195	677.6	GCF_013302545.1_ASM1330254v1_genomic	gerAB
EKLJFINO_03351	tr|A0A417V8V2|A0A417V8V2_9FIRM	98	351	7	0	1	351	1	351	2.4e-194	674.1	GCF_013302545.1_ASM1330254v1_genomic	gerAB
EKLJFINO_03351	tr|A0A415YHT4|A0A415YHT4_9FIRM	98	351	7	0	1	351	1	351	4e-194	673.3	GCF_013302545.1_ASM1330254v1_genomic	gerAB
CGGOBLDE_02329	tr|A0A173YQZ8|A0A173YQZ8_ANAHA	98.9	351	4	0	1	351	1	351	5.6e-196	679.5	GCF_013302555.1_ASM1330255v1_genomic	gerAB
CGGOBLDE_02329	tr|A0A415WE24|A0A415WE24_9FIRM	98.3	351	6	0	1	351	1	351	2.1e-195	677.6	GCF_013302555.1_ASM1330255v1_genomic	gerAB
CGGOBLDE_02329	tr|A0A417V8V2|A0A417V8V2_9FIRM	98	351	7	0	1	351	1	351	2.4e-194	674.1	GCF_013302555.1_ASM1330255v1_genomic	gerAB
CGGOBLDE_02329	tr|A0A415YHT4|A0A415YHT4_9FIRM	98	351	7	0	1	351	1	351	4e-194	673.3	GCF_013302555.1_ASM1330255v1_genomic	gerAB
CFLOBBPJ_01078	tr|A0A173YQZ8|A0A173YQZ8_ANAHA	98.8	335	4	0	1	335	17	351	1.3e-186	648.3	GCF_013302565.1_ASM1330256v1_genomic	gerAB
CFLOBBPJ_01078	tr|A0A415WE24|A0A415WE24_9FIRM	98.2	335	6	0	1	335	17	351	5e-186	646.4	GCF_013302565.1_ASM1330256v1_genomic	gerAB
CFLOBBPJ_01078	tr|A0A1Q2C6A8|A0A1Q2C6A8_ANAHA	97.9	335	7	0	1	335	17	351	5.6e-185	642.9	GCF_013302565.1_ASM1330256v1_genomic	gerAB
CFLOBBPJ_01078	tr|A0A417V8V2|A0A417V8V2_9FIRM	97.9	335	7	0	1	335	17	351	5.6e-185	642.9	GCF_013302565.1_ASM1330256v1_genomic	gerAB
CFLOBBPJ_01078	tr|A0A415YHT4|A0A415YHT4_9FIRM	97.9	335	7	0	1	335	17	351	9.5e-185	642.1	GCF_013302565.1_ASM1330256v1_genomic	gerAB
CNJAGMEN_00377	tr|D4MU93|D4MU93_ANAHA	100	351	0	0	1	351	1	351	2.1e-198	687.6	GCF_013302595.1_ASM1330259v1_genomic	gerAB
CNJAGMEN_00377	tr|A0A415YHT4|A0A415YHT4_9FIRM	99.7	351	1	0	1	351	1	351	4.6e-198	686.4	GCF_013302595.1_ASM1330259v1_genomic	gerAB
CNJAGMEN_00377	tr|E5VPQ5|E5VPQ5_9FIRM	99.7	351	1	0	1	351	1	351	1.7e-197	684.5	GCF_013302595.1_ASM1330259v1_genomic	gerAB
CNJAGMEN_00377	tr|A0A1Q2C6A8|A0A1Q2C6A8_ANAHA	98.9	351	4	0	1	351	1	351	1.5e-196	681.4	GCF_013302595.1_ASM1330259v1_genomic	gerAB
BPMFDCLE_02476	tr|D4MU93|D4MU93_ANAHA	100	351	0	0	1	351	1	351	2.1e-198	687.6	GCF_013302605.1_ASM1330260v1_genomic	gerAB
BPMFDCLE_02476	tr|A0A415YHT4|A0A415YHT4_9FIRM	99.7	351	1	0	1	351	1	351	4.6e-198	686.4	GCF_013302605.1_ASM1330260v1_genomic	gerAB
BPMFDCLE_02476	tr|E5VPQ5|E5VPQ5_9FIRM	99.7	351	1	0	1	351	1	351	1.7e-197	684.5	GCF_013302605.1_ASM1330260v1_genomic	gerAB
BPMFDCLE_02476	tr|A0A1Q2C6A8|A0A1Q2C6A8_ANAHA	98.9	351	4	0	1	351	1	351	1.5e-196	681.4	GCF_013302605.1_ASM1330260v1_genomic	gerAB
PBOEODCG_02051	tr|A0A415WE24|A0A415WE24_9FIRM	98.9	351	4	0	1	351	1	351	3.3e-196	680.2	GCF_013302645.1_ASM1330264v1_genomic	gerAB
PBOEODCG_02051	tr|A0A417K2U7|A0A417K2U7_9FIRM	98.3	351	6	0	1	351	1	351	6.2e-195	676	GCF_013302645.1_ASM1330264v1_genomic	gerAB
PBOEODCG_02051	tr|A0A417V8V2|A0A417V8V2_9FIRM	97.4	351	9	0	1	351	1	351	3.1e-194	673.7	GCF_013302645.1_ASM1330264v1_genomic	gerAB
PDPFBEPF_02063	tr|A0A415WE24|A0A415WE24_9FIRM	98.9	351	4	0	1	351	1	351	3.3e-196	680.2	GCF_013302665.1_ASM1330266v1_genomic	gerAB
PDPFBEPF_02063	tr|A0A417K2U7|A0A417K2U7_9FIRM	98.3	351	6	0	1	351	1	351	6.2e-195	676	GCF_013302665.1_ASM1330266v1_genomic	gerAB
PDPFBEPF_02063	tr|A0A417V8V2|A0A417V8V2_9FIRM	97.4	351	9	0	1	351	1	351	3.1e-194	673.7	GCF_013302665.1_ASM1330266v1_genomic	gerAB
AMFMHKFD_00587	tr|A0A415WE24|A0A415WE24_9FIRM	98.9	351	4	0	1	351	1	351	3.3e-196	680.2	GCF_013302675.1_ASM1330267v1_genomic	gerAB
AMFMHKFD_00587	tr|A0A417K2U7|A0A417K2U7_9FIRM	98.3	351	6	0	1	351	1	351	6.2e-195	676	GCF_013302675.1_ASM1330267v1_genomic	gerAB
AMFMHKFD_00587	tr|A0A417V8V2|A0A417V8V2_9FIRM	97.4	351	9	0	1	351	1	351	3.1e-194	673.7	GCF_013302675.1_ASM1330267v1_genomic	gerAB
NOEHOIPN_02031	tr|A0A415WE24|A0A415WE24_9FIRM	98.9	351	4	0	1	351	1	351	3.3e-196	680.2	GCF_013302685.1_ASM1330268v1_genomic	gerAB
NOEHOIPN_02031	tr|A0A417K2U7|A0A417K2U7_9FIRM	98.3	351	6	0	1	351	1	351	6.2e-195	676	GCF_013302685.1_ASM1330268v1_genomic	gerAB
NOEHOIPN_02031	tr|A0A417V8V2|A0A417V8V2_9FIRM	97.4	351	9	0	1	351	1	351	3.1e-194	673.7	GCF_013302685.1_ASM1330268v1_genomic	gerAB
GKONJLLH_02968	tr|A0A173YQZ8|A0A173YQZ8_ANAHA	100	351	0	0	1	351	1	351	3.5e-198	686.8	GCF_013302715.1_ASM1330271v1_genomic	gerAB
GKONJLLH_02968	tr|A0A415WE24|A0A415WE24_9FIRM	98.9	351	4	0	1	351	1	351	1.9e-196	681	GCF_013302715.1_ASM1330271v1_genomic	gerAB
GKONJLLH_02968	tr|A0A415YHT4|A0A415YHT4_9FIRM	99.1	351	3	0	1	351	1	351	2.5e-196	680.6	GCF_013302715.1_ASM1330271v1_genomic	gerAB
JHAHNFPD_00428	tr|A0A173YQZ8|A0A173YQZ8_ANAHA	100	351	0	0	1	351	1	351	3.5e-198	686.8	GCF_013302745.1_ASM1330274v1_genomic	gerAB
JHAHNFPD_00428	tr|A0A415WE24|A0A415WE24_9FIRM	98.9	351	4	0	1	351	1	351	1.9e-196	681	GCF_013302745.1_ASM1330274v1_genomic	gerAB
JHAHNFPD_00428	tr|A0A415YHT4|A0A415YHT4_9FIRM	99.1	351	3	0	1	351	1	351	2.5e-196	680.6	GCF_013302745.1_ASM1330274v1_genomic	gerAB
GDEOMAJN_03036	tr|A0A173YQZ8|A0A173YQZ8_ANAHA	100	351	0	0	1	351	1	351	3.5e-198	686.8	GCF_013302755.1_ASM1330275v1_genomic	gerAB
GDEOMAJN_03036	tr|A0A415WE24|A0A415WE24_9FIRM	98.9	351	4	0	1	351	1	351	1.9e-196	681	GCF_013302755.1_ASM1330275v1_genomic	gerAB
GDEOMAJN_03036	tr|A0A415YHT4|A0A415YHT4_9FIRM	99.1	351	3	0	1	351	1	351	2.5e-196	680.6	GCF_013302755.1_ASM1330275v1_genomic	gerAB
MBKEJNJN_01044	tr|A0A173YQZ8|A0A173YQZ8_ANAHA	100	351	0	0	1	351	1	351	3.5e-198	686.8	GCF_013302785.1_ASM1330278v1_genomic	gerAB
MBKEJNJN_01044	tr|A0A415WE24|A0A415WE24_9FIRM	98.9	351	4	0	1	351	1	351	1.9e-196	681	GCF_013302785.1_ASM1330278v1_genomic	gerAB
MBKEJNJN_01044	tr|A0A415YHT4|A0A415YHT4_9FIRM	99.1	351	3	0	1	351	1	351	2.5e-196	680.6	GCF_013302785.1_ASM1330278v1_genomic	gerAB
OPKLNLBG_01455	tr|A0A173YQZ8|A0A173YQZ8_ANAHA	100	351	0	0	1	351	1	351	3.5e-198	686.8	GCF_013302795.1_ASM1330279v1_genomic	gerAB
OPKLNLBG_01455	tr|A0A415WE24|A0A415WE24_9FIRM	98.9	351	4	0	1	351	1	351	1.9e-196	681	GCF_013302795.1_ASM1330279v1_genomic	gerAB
OPKLNLBG_01455	tr|A0A415YHT4|A0A415YHT4_9FIRM	99.1	351	3	0	1	351	1	351	2.5e-196	680.6	GCF_013302795.1_ASM1330279v1_genomic	gerAB
JGHPJKMJ_02613	tr|A0A173YQZ8|A0A173YQZ8_ANAHA	100	351	0	0	1	351	1	351	3.5e-198	686.8	GCF_013302815.1_ASM1330281v1_genomic	gerAB
JGHPJKMJ_02613	tr|A0A415WE24|A0A415WE24_9FIRM	98.9	351	4	0	1	351	1	351	1.9e-196	681	GCF_013302815.1_ASM1330281v1_genomic	gerAB
JGHPJKMJ_02613	tr|A0A415YHT4|A0A415YHT4_9FIRM	99.1	351	3	0	1	351	1	351	2.5e-196	680.6	GCF_013302815.1_ASM1330281v1_genomic	gerAB
BNIKGBIE_00818	tr|A0A415YHT4|A0A415YHT4_9FIRM	100	351	0	0	1	351	1	351	2.1e-198	687.6	GCF_013302845.1_ASM1330284v1_genomic	gerAB
BNIKGBIE_00818	tr|D4MU93|D4MU93_ANAHA	99.7	351	1	0	1	351	1	351	4.6e-198	686.4	GCF_013302845.1_ASM1330284v1_genomic	gerAB
BNIKGBIE_00818	tr|E5VPQ5|E5VPQ5_9FIRM	99.4	351	2	0	1	351	1	351	3.9e-197	683.3	GCF_013302845.1_ASM1330284v1_genomic	gerAB
BNIKGBIE_00818	tr|A0A1Q2C6A8|A0A1Q2C6A8_ANAHA	99.1	351	3	0	1	351	1	351	6.6e-197	682.6	GCF_013302845.1_ASM1330284v1_genomic	gerAB
BNIKGBIE_00818	tr|A0A417K2U7|A0A417K2U7_9FIRM	99.1	351	3	0	1	351	1	351	1.9e-196	681	GCF_013302845.1_ASM1330284v1_genomic	gerAB
LODAONLG_00872	tr|D4MU93|D4MU93_ANAHA	100	351	0	0	1	351	1	351	2.1e-198	687.6	GCF_013302855.1_ASM1330285v1_genomic	gerAB
LODAONLG_00872	tr|A0A415YHT4|A0A415YHT4_9FIRM	99.7	351	1	0	1	351	1	351	4.6e-198	686.4	GCF_013302855.1_ASM1330285v1_genomic	gerAB
LODAONLG_00872	tr|E5VPQ5|E5VPQ5_9FIRM	99.7	351	1	0	1	351	1	351	1.7e-197	684.5	GCF_013302855.1_ASM1330285v1_genomic	gerAB
LODAONLG_00872	tr|A0A1Q2C6A8|A0A1Q2C6A8_ANAHA	98.9	351	4	0	1	351	1	351	1.5e-196	681.4	GCF_013302855.1_ASM1330285v1_genomic	gerAB
BAOEOFND_00916	tr|D4MU93|D4MU93_ANAHA	100	351	0	0	1	351	1	351	2.1e-198	687.6	GCF_013303175.1_ASM1330317v1_genomic	gerAB
BAOEOFND_00916	tr|A0A415YHT4|A0A415YHT4_9FIRM	99.7	351	1	0	1	351	1	351	4.6e-198	686.4	GCF_013303175.1_ASM1330317v1_genomic	gerAB
BAOEOFND_00916	tr|E5VPQ5|E5VPQ5_9FIRM	99.7	351	1	0	1	351	1	351	1.7e-197	684.5	GCF_013303175.1_ASM1330317v1_genomic	gerAB
BAOEOFND_00916	tr|A0A1Q2C6A8|A0A1Q2C6A8_ANAHA	98.9	351	4	0	1	351	1	351	1.5e-196	681.4	GCF_013303175.1_ASM1330317v1_genomic	gerAB
EBNLJOOF_02775	tr|A0A415WE24|A0A415WE24_9FIRM	99.7	351	1	0	1	351	1	351	2.7e-198	687.2	GCF_013303185.1_ASM1330318v1_genomic	gerAB
MEADLIFI_01609	tr|A0A173YQZ8|A0A173YQZ8_ANAHA	98.9	351	4	0	1	351	1	351	5.6e-196	679.5	GCF_013303225.1_ASM1330322v1_genomic	gerAB
MEADLIFI_01609	tr|A0A415WE24|A0A415WE24_9FIRM	98.3	351	6	0	1	351	1	351	2.1e-195	677.6	GCF_013303225.1_ASM1330322v1_genomic	gerAB
MEADLIFI_01609	tr|A0A417V8V2|A0A417V8V2_9FIRM	98	351	7	0	1	351	1	351	2.4e-194	674.1	GCF_013303225.1_ASM1330322v1_genomic	gerAB
MEADLIFI_01609	tr|A0A415YHT4|A0A415YHT4_9FIRM	98	351	7	0	1	351	1	351	4e-194	673.3	GCF_013303225.1_ASM1330322v1_genomic	gerAB
PELCBIIC_01377	tr|A0A415YHT4|A0A415YHT4_9FIRM	98.9	351	4	0	1	351	1	351	5.1e-197	682.9	GCF_013304505.1_ASM1330450v1_genomic	gerAB
PELCBIIC_01377	tr|A0A1Q2C6A8|A0A1Q2C6A8_ANAHA	98.6	351	5	0	1	351	1	351	1.1e-196	681.8	GCF_013304505.1_ASM1330450v1_genomic	gerAB
PELCBIIC_01377	tr|A0AAQ3PXF1|A0AAQ3PXF1_ANAHA	98.6	351	5	0	1	351	1	351	1.1e-196	681.8	GCF_013304505.1_ASM1330450v1_genomic	gerAB
PELCBIIC_01377	tr|D4MU93|D4MU93_ANAHA	98.6	351	5	0	1	351	1	351	1.1e-196	681.8	GCF_013304505.1_ASM1330450v1_genomic	gerAB
PELCBIIC_01377	tr|A0A417K2U7|A0A417K2U7_9FIRM	98.6	351	5	0	1	351	1	351	3.3e-196	680.2	GCF_013304505.1_ASM1330450v1_genomic	gerAB
PELCBIIC_01377	tr|A0A415WE24|A0A415WE24_9FIRM	98.6	351	5	0	1	351	1	351	5.6e-196	679.5	GCF_013304505.1_ASM1330450v1_genomic	gerAB
PELCBIIC_01377	tr|E5VPQ5|E5VPQ5_9FIRM	98.3	351	6	0	1	351	1	351	9.6e-196	678.7	GCF_013304505.1_ASM1330450v1_genomic	gerAB
KCCNKEMN_03125	tr|A0A173YQZ8|A0A173YQZ8_ANAHA	98.9	351	4	0	1	351	1	351	5.6e-196	679.5	GCF_013304555.1_ASM1330455v1_genomic	gerAB
KCCNKEMN_03125	tr|A0A415WE24|A0A415WE24_9FIRM	98.3	351	6	0	1	351	1	351	2.1e-195	677.6	GCF_013304555.1_ASM1330455v1_genomic	gerAB
KCCNKEMN_03125	tr|A0A417V8V2|A0A417V8V2_9FIRM	98	351	7	0	1	351	1	351	2.4e-194	674.1	GCF_013304555.1_ASM1330455v1_genomic	gerAB
KCCNKEMN_03125	tr|A0A415YHT4|A0A415YHT4_9FIRM	98	351	7	0	1	351	1	351	4e-194	673.3	GCF_013304555.1_ASM1330455v1_genomic	gerAB
BDIBMIHG_00060	tr|A0A6N2WEJ3|A0A6N2WEJ3_9FIRM	100	352	0	0	1	352	1	352	7.3e-204	705.7	GCF_014131675.1_ASM1413167v1_genomic	gerAB
BDIBMIHG_00060	tr|B0MHA2|B0MHA2_ANACD	100	352	0	0	1	352	1	352	7.3e-204	705.7	GCF_014131675.1_ASM1413167v1_genomic	gerAB
BDIBMIHG_00060	tr|A0A374ARF6|A0A374ARF6_9FIRM	99.7	352	1	0	1	352	1	352	6.2e-203	702.6	GCF_014131675.1_ASM1413167v1_genomic	gerAB
NPHNFAPN_01918	tr|A0A6N2WEJ3|A0A6N2WEJ3_9FIRM	95.7	352	15	0	1	352	1	352	2.1e-198	687.6	GCF_014290215.1_ASM1429021v1_genomic	gerAB
NPHNFAPN_01918	tr|B0MHA2|B0MHA2_ANACD	95.7	352	15	0	1	352	1	352	2.1e-198	687.6	GCF_014290215.1_ASM1429021v1_genomic	gerAB
NPHNFAPN_01918	tr|A0A374ARF6|A0A374ARF6_9FIRM	95.5	352	16	0	1	352	1	352	1.7e-197	684.5	GCF_014290215.1_ASM1429021v1_genomic	gerAB
MNMGKBAP_03443	tr|A0A6N2WEJ3|A0A6N2WEJ3_9FIRM	100	352	0	0	1	352	1	352	7.3e-204	705.7	GCF_014467075.1_ASM1446707v1_genomic	gerAB
MNMGKBAP_03443	tr|B0MHA2|B0MHA2_ANACD	100	352	0	0	1	352	1	352	7.3e-204	705.7	GCF_014467075.1_ASM1446707v1_genomic	gerAB
MNMGKBAP_03443	tr|A0A374ARF6|A0A374ARF6_9FIRM	99.7	352	1	0	1	352	1	352	6.2e-203	702.6	GCF_014467075.1_ASM1446707v1_genomic	gerAB
FIMAFPCP_01679	tr|A0A417K2U7|A0A417K2U7_9FIRM	99.7	351	1	0	1	351	1	351	3.5e-198	686.8	GCF_015554695.1_ASM1555469v1_genomic	gerAB
FIMAFPCP_01679	tr|A0A415YHT4|A0A415YHT4_9FIRM	98.9	351	4	0	1	351	1	351	1.9e-196	681	GCF_015554695.1_ASM1555469v1_genomic	gerAB
EFNOLNOC_02702	tr|A0A916Q8L9|A0A916Q8L9_9FIRM	100	352	0	0	1	352	1	352	5.8e-201	696	GCF_016586355.1_ASM1658635v1_genomic	gerAB
AOFLGCOF_00391	tr|A0A415YHT4|A0A415YHT4_9FIRM	98.9	351	4	0	1	351	1	351	8.7e-197	682.2	GCF_017776395.1_ASM1777639v1_genomic	gerAB
AOFLGCOF_00391	tr|A0A1Q2C6A8|A0A1Q2C6A8_ANAHA	98.6	351	5	0	1	351	1	351	1.9e-196	681	GCF_017776395.1_ASM1777639v1_genomic	gerAB
AOFLGCOF_00391	tr|A0AAQ3PXF1|A0AAQ3PXF1_ANAHA	98.6	351	5	0	1	351	1	351	1.9e-196	681	GCF_017776395.1_ASM1777639v1_genomic	gerAB
AOFLGCOF_00391	tr|D4MU93|D4MU93_ANAHA	98.6	351	5	0	1	351	1	351	1.9e-196	681	GCF_017776395.1_ASM1777639v1_genomic	gerAB
AOFLGCOF_00391	tr|A0A417K2U7|A0A417K2U7_9FIRM	98.6	351	5	0	1	351	1	351	5.6e-196	679.5	GCF_017776395.1_ASM1777639v1_genomic	gerAB
AOFLGCOF_00391	tr|A0A415WE24|A0A415WE24_9FIRM	98.6	351	5	0	1	351	1	351	9.6e-196	678.7	GCF_017776395.1_ASM1777639v1_genomic	gerAB
AOFLGCOF_00391	tr|E5VPQ5|E5VPQ5_9FIRM	98.3	351	6	0	1	351	1	351	1.6e-195	677.9	GCF_017776395.1_ASM1777639v1_genomic	gerAB
LBKPHDGB_01883	tr|A0A415YHT4|A0A415YHT4_9FIRM	98.9	351	4	0	1	351	1	351	8.7e-197	682.2	GCF_017776445.1_ASM1777644v1_genomic	gerAB
LBKPHDGB_01883	tr|A0A1Q2C6A8|A0A1Q2C6A8_ANAHA	98.6	351	5	0	1	351	1	351	1.9e-196	681	GCF_017776445.1_ASM1777644v1_genomic	gerAB
LBKPHDGB_01883	tr|A0AAQ3PXF1|A0AAQ3PXF1_ANAHA	98.6	351	5	0	1	351	1	351	1.9e-196	681	GCF_017776445.1_ASM1777644v1_genomic	gerAB
LBKPHDGB_01883	tr|D4MU93|D4MU93_ANAHA	98.6	351	5	0	1	351	1	351	1.9e-196	681	GCF_017776445.1_ASM1777644v1_genomic	gerAB
LBKPHDGB_01883	tr|A0A417K2U7|A0A417K2U7_9FIRM	98.6	351	5	0	1	351	1	351	5.6e-196	679.5	GCF_017776445.1_ASM1777644v1_genomic	gerAB
LBKPHDGB_01883	tr|A0A415WE24|A0A415WE24_9FIRM	98.6	351	5	0	1	351	1	351	9.6e-196	678.7	GCF_017776445.1_ASM1777644v1_genomic	gerAB
LBKPHDGB_01883	tr|E5VPQ5|E5VPQ5_9FIRM	98.3	351	6	0	1	351	1	351	1.6e-195	677.9	GCF_017776445.1_ASM1777644v1_genomic	gerAB
FIHOGCNH_01268	tr|A0A1Q2C6A8|A0A1Q2C6A8_ANAHA	99.7	351	1	0	1	351	1	351	4.6e-198	686.4	GCF_017776475.1_ASM1777647v1_genomic	gerAB
FIHOGCNH_01268	tr|A0A415YHT4|A0A415YHT4_9FIRM	99.4	351	2	0	1	351	1	351	1.7e-197	684.5	GCF_017776475.1_ASM1777647v1_genomic	gerAB
FIHOGCNH_01268	tr|D4MU93|D4MU93_ANAHA	99.1	351	3	0	1	351	1	351	3.9e-197	683.3	GCF_017776475.1_ASM1777647v1_genomic	gerAB
FIHOGCNH_01268	tr|A0A417K2U7|A0A417K2U7_9FIRM	99.1	351	3	0	1	351	1	351	1.1e-196	681.8	GCF_017776475.1_ASM1777647v1_genomic	gerAB
FIHOGCNH_01268	tr|A0A415WE24|A0A415WE24_9FIRM	99.1	351	3	0	1	351	1	351	1.9e-196	681	GCF_017776475.1_ASM1777647v1_genomic	gerAB
FIHOGCNH_01268	tr|E5VPQ5|E5VPQ5_9FIRM	98.9	351	4	0	1	351	1	351	3.3e-196	680.2	GCF_017776475.1_ASM1777647v1_genomic	gerAB
FJMMAGOF_01404	tr|A0A374AFN3|A0A374AFN3_9FIRM	98.9	351	4	0	1	351	1	351	2.8e-195	677.2	GCF_018223505.1_ASM1822350v1_genomic	gerAB
HNBDCEJE_00504	tr|A0A417K2U7|A0A417K2U7_9FIRM	99.7	351	1	0	1	351	1	351	3.5e-198	686.8	GCF_018786105.1_ASM1878610v1_genomic	gerAB
HNBDCEJE_00504	tr|A0A1Q2C6A8|A0A1Q2C6A8_ANAHA	99.1	351	3	0	1	351	1	351	5.1e-197	682.9	GCF_018786105.1_ASM1878610v1_genomic	gerAB
HNBDCEJE_00504	tr|A0A415YHT4|A0A415YHT4_9FIRM	98.9	351	4	0	1	351	1	351	1.9e-196	681	GCF_018786105.1_ASM1878610v1_genomic	gerAB
PJECCCLI_01099	tr|A0A1Q2C6A8|A0A1Q2C6A8_ANAHA	99.7	351	1	0	1	351	1	351	4.6e-198	686.4	GCF_018786145.1_ASM1878614v1_genomic	gerAB
PJECCCLI_01099	tr|A0A415YHT4|A0A415YHT4_9FIRM	99.4	351	2	0	1	351	1	351	1.7e-197	684.5	GCF_018786145.1_ASM1878614v1_genomic	gerAB
PJECCCLI_01099	tr|D4MU93|D4MU93_ANAHA	99.1	351	3	0	1	351	1	351	3.9e-197	683.3	GCF_018786145.1_ASM1878614v1_genomic	gerAB
PJECCCLI_01099	tr|A0A417K2U7|A0A417K2U7_9FIRM	99.1	351	3	0	1	351	1	351	1.1e-196	681.8	GCF_018786145.1_ASM1878614v1_genomic	gerAB
PJECCCLI_01099	tr|A0A415WE24|A0A415WE24_9FIRM	99.1	351	3	0	1	351	1	351	1.9e-196	681	GCF_018786145.1_ASM1878614v1_genomic	gerAB
PJECCCLI_01099	tr|E5VPQ5|E5VPQ5_9FIRM	98.9	351	4	0	1	351	1	351	3.3e-196	680.2	GCF_018786145.1_ASM1878614v1_genomic	gerAB
BKDKBNHJ_01466	tr|A0A374AFN3|A0A374AFN3_9FIRM	99.1	351	3	0	1	351	1	351	1.1e-196	681.8	GCF_018786165.1_ASM1878616v1_genomic	gerAB
AMMGAKMD_01466	tr|A0A1Q9JT51|A0A1Q9JT51_9FIRM	100	351	0	0	1	351	1	351	8.9e-202	698.7	GCF_018982945.1_ASM1898294v1_genomic	gerAB
LKKNDKGL_01507	tr|A0A6N2WEJ3|A0A6N2WEJ3_9FIRM	95.7	352	15	0	1	352	1	352	2.1e-198	687.6	GCF_900624715.1_81B4_genomic	gerAB
LKKNDKGL_01507	tr|B0MHA2|B0MHA2_ANACD	95.7	352	15	0	1	352	1	352	2.1e-198	687.6	GCF_900624715.1_81B4_genomic	gerAB
LKKNDKGL_01507	tr|A0A374ARF6|A0A374ARF6_9FIRM	95.5	352	16	0	1	352	1	352	1.7e-197	684.5	GCF_900624715.1_81B4_genomic	gerAB
IMCKJKOO_01432	tr|A0A6N2WEJ3|A0A6N2WEJ3_9FIRM	95.7	352	15	0	1	352	1	352	2.1e-198	687.6	GCF_902362655.1_MGYG-HGUT-00052_genomic	gerAB
IMCKJKOO_01432	tr|B0MHA2|B0MHA2_ANACD	95.7	352	15	0	1	352	1	352	2.1e-198	687.6	GCF_902362655.1_MGYG-HGUT-00052_genomic	gerAB
IMCKJKOO_01432	tr|A0A374ARF6|A0A374ARF6_9FIRM	95.5	352	16	0	1	352	1	352	1.7e-197	684.5	GCF_902362655.1_MGYG-HGUT-00052_genomic	gerAB
LINHNLFA_02527	tr|A0A1C6F5D8|A0A1C6F5D8_9FIRM	100	351	0	0	1	351	1	351	7.1e-199	689.1	GCF_902362875.1_MGYG-HGUT-00065_genomic	gerAB
PMLNHHOO_02013	tr|A0A374ARF6|A0A374ARF6_9FIRM	100	352	0	0	1	352	1	352	2.8e-203	703.7	GCF_902362985.1_MGYG-HGUT-00080_genomic	gerAB
PMLNHHOO_02013	tr|A0A6N2WEJ3|A0A6N2WEJ3_9FIRM	99.7	352	1	0	1	352	1	352	1.1e-202	701.8	GCF_902362985.1_MGYG-HGUT-00080_genomic	gerAB
PMLNHHOO_02013	tr|B0MHA2|B0MHA2_ANACD	99.7	352	1	0	1	352	1	352	1.1e-202	701.8	GCF_902362985.1_MGYG-HGUT-00080_genomic	gerAB
FCFHFNCF_01306	tr|A0A1Q2C6A8|A0A1Q2C6A8_ANAHA	100	351	0	0	1	351	1	351	9.2e-199	688.7	GCF_902388025.1_UHGG_MGYG-HGUT-02528_genomic	gerAB
FCFHFNCF_01306	tr|A0A415YHT4|A0A415YHT4_9FIRM	99.1	351	3	0	1	351	1	351	3.9e-197	683.3	GCF_902388025.1_UHGG_MGYG-HGUT-02528_genomic	gerAB
FCFHFNCF_01306	tr|D4MU93|D4MU93_ANAHA	98.9	351	4	0	1	351	1	351	8.7e-197	682.2	GCF_902388025.1_UHGG_MGYG-HGUT-02528_genomic	gerAB
ALDEGNKM_02024	tr|A0A415YHT4|A0A415YHT4_9FIRM	99.7	351	1	0	1	351	1	351	3.5e-198	686.8	SRR13592713	gerAB
ALDEGNKM_02024	tr|A0A1Q2C6A8|A0A1Q2C6A8_ANAHA	99.4	351	2	0	1	351	1	351	7.8e-198	685.6	SRR13592713	gerAB
ALDEGNKM_02024	tr|D4MU93|D4MU93_ANAHA	99.4	351	2	0	1	351	1	351	7.8e-198	685.6	SRR13592713	gerAB
ALDEGNKM_02024	tr|A0A417K2U7|A0A417K2U7_9FIRM	99.4	351	2	0	1	351	1	351	2.3e-197	684.1	SRR13592713	gerAB
ALDEGNKM_02024	tr|A0A415WE24|A0A415WE24_9FIRM	99.4	351	2	0	1	351	1	351	3.9e-197	683.3	SRR13592713	gerAB
ALDEGNKM_02024	tr|E5VPQ5|E5VPQ5_9FIRM	99.1	351	3	0	1	351	1	351	6.6e-197	682.6	SRR13592713	gerAB
ENPNCEFK_02190	tr|A0A415WE24|A0A415WE24_9FIRM	98.9	351	4	0	1	351	1	351	3e-197	683.7	SRR13592785	gerAB
DBDDGIGG_01790	tr|A0A415WE24|A0A415WE24_9FIRM	98.9	351	4	0	1	351	1	351	3e-197	683.7	SRR13592839	gerAB
AKKHJBDF_02029	tr|A0A415YHT4|A0A415YHT4_9FIRM	99.7	351	1	0	1	351	1	351	3.5e-198	686.8	SRR18440051	gerAB
AKKHJBDF_02029	tr|A0A1Q2C6A8|A0A1Q2C6A8_ANAHA	99.4	351	2	0	1	351	1	351	7.8e-198	685.6	SRR18440051	gerAB
AKKHJBDF_02029	tr|D4MU93|D4MU93_ANAHA	99.4	351	2	0	1	351	1	351	7.8e-198	685.6	SRR18440051	gerAB
AKKHJBDF_02029	tr|A0A417K2U7|A0A417K2U7_9FIRM	99.4	351	2	0	1	351	1	351	2.3e-197	684.1	SRR18440051	gerAB
AKKHJBDF_02029	tr|A0A415WE24|A0A415WE24_9FIRM	99.4	351	2	0	1	351	1	351	3.9e-197	683.3	SRR18440051	gerAB
AKKHJBDF_02029	tr|E5VPQ5|E5VPQ5_9FIRM	99.1	351	3	0	1	351	1	351	6.6e-197	682.6	SRR18440051	gerAB
KNONKLPG_02510	tr|A0A417K2U7|A0A417K2U7_9FIRM	99.7	351	1	0	1	351	1	351	3.5e-198	686.8	SRR18440091	gerAB
KNONKLPG_02510	tr|A0A1Q2C6A8|A0A1Q2C6A8_ANAHA	99.1	351	3	0	1	351	1	351	5.1e-197	682.9	SRR18440091	gerAB
KNONKLPG_02510	tr|A0A415YHT4|A0A415YHT4_9FIRM	98.9	351	4	0	1	351	1	351	1.9e-196	681	SRR18440091	gerAB
KIAEFJNH_02518	tr|A0A417K2U7|A0A417K2U7_9FIRM	99.7	351	1	0	1	351	1	351	3.5e-198	686.8	SRR18440093	gerAB
KIAEFJNH_02518	tr|A0A1Q2C6A8|A0A1Q2C6A8_ANAHA	99.1	351	3	0	1	351	1	351	5.1e-197	682.9	SRR18440093	gerAB
KIAEFJNH_02518	tr|A0A415YHT4|A0A415YHT4_9FIRM	98.9	351	4	0	1	351	1	351	1.9e-196	681	SRR18440093	gerAB
HCPJCGEL_02712	tr|A0A417K2U7|A0A417K2U7_9FIRM	99.7	351	1	0	1	351	1	351	3.5e-198	686.8	SRR18440101	gerAB
HCPJCGEL_02712	tr|A0A1Q2C6A8|A0A1Q2C6A8_ANAHA	99.1	351	3	0	1	351	1	351	5.1e-197	682.9	SRR18440101	gerAB
HCPJCGEL_02712	tr|A0A415YHT4|A0A415YHT4_9FIRM	98.9	351	4	0	1	351	1	351	1.9e-196	681	SRR18440101	gerAB
